,Search Keyword,Platform,Job ID,Job Title,Company Name,Location,Industry,Sector,Job Description,Type of ownership,Rating,Company URL,Job URL,Job Age,Job Age Number,Collection Date,Language,Gender,,
0,manager of healthcare institution,Glassdoor,4019523275,Relatiemanager Zorg,Tzorg,Utrecht,-1,-1,"Wat ga je doen?Aangenaam thuisTzorg maakt het aangenaam voor mensen in hun eigen huis. Door huishoudelijke hulp en individuele begeleiding zorgen we ervoor dat onze cliënten langer thuis kunnen blijven wonen. Dit doen we samen, vakkundig, met een warm hart en zo dichtbij als mogelijk. En daar draag jij straks ook aan bij als Relatiemanager Zorg.Als Relatiemanager Zorg ben jij de verbindende factor tussen Tzorg en klanten, zijnde gemeenten en zorgaanbieders. Je bent verantwoordelijk voor de commerciële invulling vanuit de regio vestigingen met als standplaats zowel ons hoofdkantoor in Uden als je eigen thuiswerkplek. Binnen een hecht team werk je samen aan de verdere ontwikkeling van Tzorg als kennispartner binnen de Wmo, Zvw en WLZ en de toekomstbestendige invulling van het zorglandschap in Nederland. Verder onderhoud je relaties met je netwerk op beleidsniveau, signaleer je kansen in de markt en denk je actief mee over innovatieve oplossingen in het sociaal domein.Jij werkt ook met aandacht aan:Het bepalen van de strategie voor offertes en tariefstelling in samenspraak met de Manager Commercie die leiden tot gunningen. Waar nodig betrek je hiervoor andere collega’s binnen de organisatie;Het onderdeel uitmaken van overlegtafels bij gemeenten en zorgpartners t.b.v. aanbestedingstrajecten of contractmanagement gesprekken;Het zorg dragen voor een goede overdracht van nieuwe contacten naar de operatie en het betrokken blijven bij de uitvoering hiervan;De uitvoering van het commercieel plan, jij bent hierbij het aanspreekpunt voor de regiomanager;Het voortdurend op de hoogte blijven en proactief delen van de ontwikkelingen binnen het zorgstelsel in Nederland, voornamelijk gericht op de Wmo, Zvw en Wlz;De verbreding van onze dienstverlening; wie worden onze nieuwe klanten binnen het zorgdomein?Wie ben jij?Aan de slagJe kan aan de slag als Relatiemanager Zorg wanneer je een klantgerichte en proactieve instelling meeneemt naar Tzorg. Voeg je daar ook uitstekende communicatieve vaardigheden aan toe, dan maak je echt het verschil. Ook heb je:Minimaal hbo werk- en denkniveau;Bij voorkeur kennis van of bereidheid om alles te leren over de Wmo, Zvw en Wlz financiering;Uitstekende taalkundige vaardigheden;Een resultaatgerichte en planmatige werkwijze en ben je stressbestendig;De capaciteiten om tegengestelde belangen te overbruggen;Oog voor eigen verantwoordelijkheid en ben je een teamplayer;De kunde om op een prettige en persoonlijke wijze je netwerk te onderhouden, je wilt graag partijen verder helpen op een adviserende wijze.Ons aanbodAangenaam in jouw werkWie werkt met een warm hart, verdient zelf ook het allerbeste. Met o.a. het programma Fris in je werk kun jij je optimaal thuis voelen in jouw baan. En zodra je start als Relatiemanager Zorg mag je rekenen op een tijdelijk contract voor 40 uur per week, met uitzicht op een vast dienstverband. Daarnaast krijg je bij Tzorg meer mooie arbeidsvoorwaarden als blijk van waardering. Welke dat zijn (op basis van een 40-urige werkweek):een bruto maandsalaris tussen de €2800,- en €3700,- euro per maand, afhankelijk van je leeftijd, kennis en ervaring;32 vakantiedagen per jaar;8% vakantiegeld over bruto jaarsalaris;een tantième bij goed functioneren (gemiddeld 5% van bruto jaarsalaris);korting op verschillende verzekeringen;een pensioenregeling bij Zorg & Welzijn;onkostenvergoeding;internetvergoeding;een leaseauto, telefoon en laptop van Tzorg;verschillende trainingen en opleidingen;gratis online cursussen van GoodHabitz;sporten met korting;mogelijkheid tot thuiswerken.Aan het werkAangenaam thuis begint bij jou. Of eigenlijk begint het bij jouw sollicitatie naar deze functie van Relatiemanager Zorg. Doe dit wel vóór woensdag 10 maart 2021.Heb je vragen? Stel ze gerust. Inge den Otter – van Berkel, Recruitment specialist, beantwoordt je vragen via +31 6 51 04 02 43.Aangenaam kennis makenWij zijn Tzorg! Wij maken het aangenaam voor mensen in hun eigen huis. Zodat ze er langer kunnen blijven wonen. Goed en prettig verzorgd. Comfortabel, behaaglijk. Wij bieden praktische huishoudelijke hulp én begeleiding. Met persoonlijke aandacht en een glimlach. Dit doen we door het hele land in meer dan 300 gemeenten. Dus altijd in de buurt. Samen met meer dan 10.000 trotse collega’s creëren we een aangenaam thuis voor onze cliënten.Acquisitie naar aanleiding van deze vacature wordt niet op prijs gesteld.",-1,-1,https://www.glassdoor.nl/https://www.glassdoor.nl/partner/jobListing.htm?pos=101&ao=1044074&s=149&guid=000001782c9226f793a1542acaf63ef4&src=GD_JOB_VIEW&t=SRFJ&vt=w&cs=1_13309ed9&cb=1615655479691&jobListingId=4019523275,https://www.glassdoor.nl/partner/jobListing.htm?pos=101&ao=1044074&s=149&guid=000001782c9226f793a1542acaf63ef4&src=GD_JOB_AD&t=SRFJ&vt=w&cs=1_d183dcf4&cb=1615655479692&jobListingId=4019523275,11d,11d,13/03/2021,en,Female,,
1,manager of healthcare institution,Glassdoor,4029737340,Relatiemanager Zorg,Koninklijke Kentalis,Zoetermeer,-1,-1,"Wat ga je doen?Aangenaam thuisTzorg maakt het aangenaam voor mensen in hun eigen huis. Door huishoudelijke hulp en individuele begeleiding zorgen we ervoor dat onze cliënten langer thuis kunnen blijven wonen. Dit doen we samen, vakkundig, met een warm hart en zo dichtbij als mogelijk. En daar draag jij straks ook aan bij als Relatiemanager Zorg.Als Relatiemanager Zorg ben jij de verbindende factor tussen Tzorg en klanten, zijnde gemeenten en zorgaanbieders. Je bent verantwoordelijk voor de commerciële invulling vanuit de regio vestigingen met als standplaats zowel ons hoofdkantoor in Uden als je eigen thuiswerkplek. Binnen een hecht team werk je samen aan de verdere ontwikkeling van Tzorg als kennispartner binnen de Wmo, Zvw en WLZ en de toekomstbestendige invulling van het zorglandschap in Nederland. Verder onderhoud je relaties met je netwerk op beleidsniveau, signaleer je kansen in de markt en denk je actief mee over innovatieve oplossingen in het sociaal domein.Jij werkt ook met aandacht aan:Het bepalen van de strategie voor offertes en tariefstelling in samenspraak met de Manager Commercie die leiden tot gunningen. Waar nodig betrek je hiervoor andere collega’s binnen de organisatie;Het onderdeel uitmaken van overlegtafels bij gemeenten en zorgpartners t.b.v. aanbestedingstrajecten of contractmanagement gesprekken;Het zorg dragen voor een goede overdracht van nieuwe contacten naar de operatie en het betrokken blijven bij de uitvoering hiervan;De uitvoering van het commercieel plan, jij bent hierbij het aanspreekpunt voor de regiomanager;Het voortdurend op de hoogte blijven en proactief delen van de ontwikkelingen binnen het zorgstelsel in Nederland, voornamelijk gericht op de Wmo, Zvw en Wlz;De verbreding van onze dienstverlening; wie worden onze nieuwe klanten binnen het zorgdomein?Wie ben jij?Aan de slagJe kan aan de slag als Relatiemanager Zorg wanneer je een klantgerichte en proactieve instelling meeneemt naar Tzorg. Voeg je daar ook uitstekende communicatieve vaardigheden aan toe, dan maak je echt het verschil. Ook heb je:Minimaal hbo werk- en denkniveau;Bij voorkeur kennis van of bereidheid om alles te leren over de Wmo, Zvw en Wlz financiering;Uitstekende taalkundige vaardigheden;Een resultaatgerichte en planmatige werkwijze en ben je stressbestendig;De capaciteiten om tegengestelde belangen te overbruggen;Oog voor eigen verantwoordelijkheid en ben je een teamplayer;De kunde om op een prettige en persoonlijke wijze je netwerk te onderhouden, je wilt graag partijen verder helpen op een adviserende wijze.Ons aanbodAangenaam in jouw werkWie werkt met een warm hart, verdient zelf ook het allerbeste. Met o.a. het programma Fris in je werk kun jij je optimaal thuis voelen in jouw baan. En zodra je start als Relatiemanager Zorg mag je rekenen op een tijdelijk contract voor 40 uur per week, met uitzicht op een vast dienstverband. Daarnaast krijg je bij Tzorg meer mooie arbeidsvoorwaarden als blijk van waardering. Welke dat zijn (op basis van een 40-urige werkweek):een bruto maandsalaris tussen de €2800,- en €3700,- euro per maand, afhankelijk van je leeftijd, kennis en ervaring;32 vakantiedagen per jaar;8% vakantiegeld over bruto jaarsalaris;een tantième bij goed functioneren (gemiddeld 5% van bruto jaarsalaris);korting op verschillende verzekeringen;een pensioenregeling bij Zorg & Welzijn;onkostenvergoeding;internetvergoeding;een leaseauto, telefoon en laptop van Tzorg;verschillende trainingen en opleidingen;gratis online cursussen van GoodHabitz;sporten met korting;mogelijkheid tot thuiswerken.Aan het werkAangenaam thuis begint bij jou. Of eigenlijk begint het bij jouw sollicitatie naar deze functie van Relatiemanager Zorg. Doe dit wel vóór woensdag 10 maart 2021.Heb je vragen? Stel ze gerust. Inge den Otter – van Berkel, Recruitment specialist, beantwoordt je vragen via +31 6 51 04 02 43.Aangenaam kennis makenWij zijn Tzorg! Wij maken het aangenaam voor mensen in hun eigen huis. Zodat ze er langer kunnen blijven wonen. Goed en prettig verzorgd. Comfortabel, behaaglijk. Wij bieden praktische huishoudelijke hulp én begeleiding. Met persoonlijke aandacht en een glimlach. Dit doen we door het hele land in meer dan 300 gemeenten. Dus altijd in de buurt. Samen met meer dan 10.000 trotse collega’s creëren we een aangenaam thuis voor onze cliënten.Acquisitie naar aanleiding van deze vacature wordt niet op prijs gesteld.",Privébedrijf,3.9,https://www.glassdoor.nl/https://www.glassdoor.nl/partner/jobListing.htm?pos=101&ao=1044074&s=149&guid=000001782c9226f793a1542acaf63ef4&src=GD_JOB_VIEW&t=SRFJ&vt=w&cs=1_13309ed9&cb=1615655479691&jobListingId=4019523275,https://www.glassdoor.nl/partner/jobListing.htm?pos=102&ao=1044074&s=149&guid=000001782c9226f793a1542acaf63ef4&src=GD_JOB_AD&t=SRFJ&vt=w&cs=1_a3c0d30b&cb=1615655479694&jobListingId=4029737340,1d,1d,13/03/2021,en,Female,,
2,manager of healthcare institution,Glassdoor,3690537852,Relatiemanager Zorg,Radboudumc,Nijmegen,Gezondheidszorg en ziekenhuizen,Health Care,"Verpleegkundige CovidzorgFunctieomschrijvingWe zijn voor een nieuw Covid-19 verpleegkundig team op zoek naar 17 fte om de beste zorg te blijven verlenen aan onze patiënten. Gediplomeerd en ervaren verpleegkundigen die, nu of in de toekomst, op onze afdeling willen komen werken, bieden wij een contract voor onbepaalde tijd.Stuur jij ons een passend profiel en blijkt tijdens een individuele meeloopdag bij ons dat jouw en onze ambities matchen, dan nemen we je op in onze Talentpool. Zodra het past in jouw loopbaan, nodigen we je uit om deel te nemen aan een van de sollicitatierondes die de komende periode continu zullen plaatsvinden vanwege het grote aantal verpleegkundigen wat we zoeken voor deze nieuw in te richten afdeling. Zie onze animatie voor meer info over hoe het proces van meelopen en solliciteren werkt.Op verschillende werkplekken gespecialiseerde Covidzorg verlenen aan patiënten in een academische settingNog niet zo lang geleden was het ziektebeeld en het werken met Covid-19 patiënten voor iedereen nieuw. Het Radboudumc heeft een flinke bijdrage geleverd aan onderzoek naar het virus en de behandeling van Covid-19 patiënten. Om de zorg verder te verbeteren en de druk op andere afdelingen te verlagen, starten wij een gespecialiseerd Covid-19 verpleegkundig team. Dit team gaat bestaan uit ruim 17 fte en is gekoppeld aan twee bestaande afdelingen in het Radboudumc: Afdeling Interne Geneeskunde (AIG) en de Acute Opname Afdeling (AOA). Afhankelijk van de patiëntenstroom, zorg je voor Covid-19 patiënten of spring je bij in de reguliere zorg van de afdeling. Ons doel is een gezonde verdeling tussen Covid-19 en non-Covid-19 zorg.Ontwikkel jezelf tot Covid-19 expertIn deze maatschappelijk relevante functie ga je werken in een academisch centrum waar veel aandacht is voor scholing, persoonlijke ontwikkeling en doorgroeimogelijkheden. Zo leer je onder andere het met optiflow ondersteunen van ademhaling, echogeleid prikken en krijg je training in tracheacanule zorg. Handig, voor je verdere carrière in het Radboudumc!Je wordt iedere dag weer uitgedaagd om het beste uit jezelf te halen in een setting waar nog niet alles vast staat. Zie jij werken als Covid verpleegkundige in het Radboudumc helemaal zitten? We maken graag op korte termijn kennis met je. Direct een contract voor onbepaalde tijd? Dat is natuurlijk bespreekbaar.ProfielWij zoeken gediplomeerd verpleegkundigen met de ambitie om te blijven leren.Je hebt de opleiding hbo-v of mbo-v afgerond en bent BIG-geregistreerd.Je hebt werkervaring in een ziekenhuis en vindt het een uitdaging om op verschillende afdelingen Covid specialistische zorg te verlenen.Je bent nieuwsgierig en vindt het belangrijk om continu te leren en jezelf te blijven ontwikkelen. Daarin neem je als vanzelfsprekend zélf initiatief.Je beschikt over een brede klinische blik, hebt kennis van isolatievormen en hebt geen moeite met het dragen van persoonlijke beschermingsmiddelen.Je bent flexibel, kunt snel schakelen en ook als het hectisch is houd je overzicht.Je werkt graag met anderen samen, ook buiten je eigen specialisme/afdeling.Je kunt goed omgaan met het geven en ontvangen van feedback en bent helder en transparant in je communicatie.Je kunt uitstekend zelfstandig werken en bent goed in staat de expertiserol in de Covidzorg in te vullen.Je vindt het interessant betrokken te zijn bij innovatie en wetenschappelijk onderzoek op het gebied van Covid-19 en wilt hieraan ook concreet bijdragen.Je vindt het leuk je iedere dag te verdiepen in verschillende behandelmethoden.Tot slot herken je jezelf in de Radboud manier van werken.OrganisatieDe Acute Opname Afdeling (AOA) en Algemene Interne Geneeskunde (AIG)In het Radboudumc wordt onderscheid gemaakt tussen Covid-19 verdenkingen en bewezen Covid-19 patiënten. Op de afdeling Covid-19 verdenkingen (AOA) worden patiënten kort opgenomen. Het gaat veelal om patiënten van andere afdelingen die Covid-19 verdacht zijn. Dit betekent dat je te maken krijgt met patiënten met uiteenlopende ziektebeelden.Op de afdeling Covid-19 bewezen (AIG) worden alle patiënten die positief zijn getest, verzorgd. Dit kunnen patiënten zijn uit het ziekenhuis, vanuit andere instellingen, patiënten die via de SEH binnenkomen of terugkomen van de IC. Je verleent op beide afdelingen intensieve, multi- en interdisciplinaire persoonsgerichte zorg aan heel diverse patiënten. Daarbij bewaak, observeer, analyseer en interpreteer je voortdurend belangrijke verpleegkundige en medische gegevens over de gezondheidstoestand van de patiënt. Als deze (plotseling) verandert, bepaal je samen met de arts het beleid en je verleent de zorg die op dat moment nodig is.Wat doe je als er geen Covid-19 patiënten opgenomen zijn?Het is moeilijk te voorspellen hoeveel Covid-19 patiënten er opgenomen worden in het ziekenhuis. Als er geen Covid-19 patiënten zijn, werk je mee als verpleegkundige op AIG of AOA. Is er op de andere Covid-19 afdeling een grote vraag naar Covidzorg, dan zet je jouw expertise daar in.Je kunt bij je sollicitatie aangeven naar welke afdeling je voorkeur uit gaat, maar als je dit nog niet weet, dan nodigen we je van harte uit om bij beide afdelingen te komen kijken.Verpleegkundige in het RadboudumcIn het Radboudumc werken om en nabij de 2.000 verpleegkundigen. De verpleegkundigen in het Radboudumc werken verspreid over vele afdelingen, thema's en centra; alles georganiseerd rondom de patiënt. Zo kunnen we de patiënt de meest innovatieve en persoonsgerichte zorg bieden.Het RadboudumcHet Radboudumc wil voorop lopen in de ontwikkeling van duurzame, innovatieve en betaalbare gezondheidszorg. En daarmee aan de gezondheid van mens en maatschappij in Nederland en daarbuiten. Onze missie is dan ook: To have a significant impact on healthcare. Bekijk zelf hoe dat zich uit in onze strategie.Lees meer over wat werken bij het Radboudumc betekent en wat onze medewerkers daarover vertellen.ArbeidsvoorwaardenHet aangeboden dienstverband betreft een aanstelling voor bepaalde/ onbepaalde tijd, voor 24-36 uur per weekAfhankelijk van kennis en ervaring vindt inschaling plaats in schaal 7/8A: min € 2422 - max € 3505 bruto per maand bij volledig dienstverband (excl. vakantiegeld en eindejaarsuitkering)Bij indiensttreding vragen wij om een verklaring omtrent gedrag (VOG) en vindt er een screening plaats op basis van het aangeleverde cv. De procedure hiervoor verloopt via de afdeling HR van het Radboudumc.Lees meer over de arbeidsvoorwaarden en sollicitatieprocedure binnen het Radboudumc.Opmerkingen en contactinformatieIs solliciteren nog een stap te ver, maar ben jij wel benieuwd wat het betekent om als verpleegkundige Covidzorg in het Radboudumc te werken? Voel je welkom om eens oriënterend te bellen met één van onze teamleiders. Hanneke Janssen, Teamleider afdeling Interne Geneeskunde, telefoonnummer (024) 361 70 88 of Gabriëlle van den Brul, Operationeel Manager Acute Opname Afdeling, telefoonnummer (06) 21184181 of per e-mailadres talentpoolcovidzorg.aig@radboudumc.nl. (Let op! Gebruik dit mailadres alleen voor informatie. Voor solliciteren graag het online sollicitatieformulier gebruiken.)Solliciteer op deze Talentpoolvacature via het online sollicitatieformulier.Acquisitie naar aanleiding van onze vacatures stellen wij niet op prijs.",Ziekenhuis,4.2,https://www.glassdoor.nl/https://www.glassdoor.nl/partner/jobListing.htm?pos=101&ao=1044074&s=58&guid=000001782c9226f7b616c526e329e418&src=GD_JOB_VIEW&t=SR&vt=w&cs=1_438b089f&cb=1615655479696&jobListingId=3690537852,https://www.glassdoor.nl/partner/jobListing.htm?pos=101&ao=1044074&s=58&guid=000001782c9226f7b616c526e329e418&src=GD_JOB_AD&t=SR&vt=w&cs=1_64714c17&cb=1615655479696&jobListingId=3690537852,24u,24u,13/03/2021,en,Female,,
3,manager of healthcare institution,Glassdoor,4015138921,Relatiemanager Zorg,Burger King,Stroe,Snackbars en cafetaria,"Restaurants, Bars & Food Services","Geweldige service, uitstekende kwaliteit en een schoon restaurant. Onze gasten komen daar voor terug! Samen met de crew en collega managers krijg jij het voor elkaar. Zowel parttime als fulltime ben jij de leidinggevende die ervoor zorgt dat jouw shift op rolletjes loopt. Solliciteer nu en wordt onderdeel van dit team!Jouw job als Assistent Manager HorecaAls geboren teamleider grijp je deze kans met beide handen aan. Want waar anders krijg je als Assistent Manager al zoveel verantwoordelijkheid en volop doorgroeimogelijkheden? Dit is pas het begin, voor je het weet voer jij de regie over je eigen restaurant. Maar first things first. Want voorlopig heb jij je handen vol aan het aansturen van de crew, oplossen van problemen en controleren van de kwaliteit van de service en producten. Gastvrijheid en kwaliteit van onze producten staan namelijk voorop, maar hard werken én hard lachen zijn net zo belangrijk. Met veel plezier steek jij je handen uit de mouwen bij het:Aansturen, motiveren en coachen van medewerkersUitvoeren van kwaliteitscontroles en opstellen van de beste shiftplanningOplossen van problemen met de service, producten en/of kwaliteitMeewerken in de operatie als onderdeel van de crewOns aanbodJouw drive en inzet moeten natuurlijk beloond worden. Daar doen we niet moeilijk over, daarom bieden wij jou (op fulltime basis):Een bruto maand salaris tussen € 1900 en € 2100 afhankelijk van de ervaring die je meeneemt.Contract voor 24, 32 of 38 uur per week voor 7 maanden (1 maand proeftijd)Flexibele werktijden in goed overleg.Reiskostenvergoeding voor woon- werkverkeer vanaf 5 km.Pensioenregeling bij Pensioenfonds Horeca & Catering.25 vakantiedagen op fulltime basis8% vakantietoeslag die je per maand of per jaar kunt laten uitbetalen.Extra toeslag op feestdagen.Persoonlijke coaching, trainingen en opleidingen om je carrière verder uit te bouwen.55% korting op eten en drinken tijdens werktijd.Een prettige en leerzame werkomgeving met veel verantwoordelijkheid en ruimte voor ondernemerschap.Jouw recept voor succesJou ontgaat niets. Razendsnel neem jij iedere situatie in je op. Is de doorstroom bij de kassa goed? Wordt die vieze tafel schoongemaakt? Is er voldoende voorraad in de keuken? En als het nodig is, grijp je in. Jij bewaart namelijk altijd de rust en het overzicht. Ook ben je communicatief en sociaal sterk en je weet precies wie wat nodig heeft om zijn werk optimaal te kunnen doen. Dat kan een luisterend oor zijn, maar ook een helpende hand of een duwtje in de juiste richting. Verder beschik je over:Leidinggevende ervaring in de horeca, catering of in een andere klant(gast)gerichte omgeving is mooi meegenomen.Een flexibele instelling.Have it your wayBen jij die gedreven assistent manager die zorgt dat alles op rolletjes loopt? Solliciteer meteen via onderstaande button en wie weet pak jij binnenkort de regie tijdens jouw eerste shift. Vergeet niet om je cv mee te sturen en ons te vertellen per wanneer je beschikbaar bent.Aantal uren:24 - 38 uurLocatie:Stroe
Geweldige service, uitstekende kwaliteit en een schoon restaurant. Onze gasten komen daar voor terug! Samen met de crew en collega managers krijg jij het voor elkaar. Zowel parttime als fulltime ben jij de leidinggevende die ervoor zorgt dat jouw shift op rolletjes loopt. Solliciteer nu en wordt onderdeel van dit team!Jouw job als Assistent Manager HorecaAls geboren teamleider grijp je deze kans met beide handen aan. Want waar anders krijg je als Assistent Manager al zoveel verantwoordelijkheid en volop doorgroeimogelijkheden? Dit is pas het begin, voor je het weet voer jij de regie over je eigen restaurant. Maar first things first. Want voorlopig heb jij je handen vol aan het aansturen van de crew, oplossen van problemen en controleren van de kwaliteit van de service en producten. Gastvrijheid en kwaliteit van onze producten staan namelijk voorop, maar hard werken én hard lachen zijn net zo belangrijk. Met veel plezier steek jij je handen uit de mouwen bij het:Aansturen, motiveren en coachen van medewerkersUitvoeren van kwaliteitscontroles en opstellen van de beste shiftplanningOplossen van problemen met de service, producten en/of kwaliteitMeewerken in de operatie als onderdeel van de crewOns aanbodJouw drive en inzet moeten natuurlijk beloond worden. Daar doen we niet moeilijk over, daarom bieden wij jou (op fulltime basis):Een bruto maand salaris tussen € 1900 en € 2100 afhankelijk van de ervaring die je meeneemt.Contract voor 24, 32 of 38 uur per week voor 7 maanden (1 maand proeftijd)Flexibele werktijden in goed overleg.Reiskostenvergoeding voor woon- werkverkeer vanaf 5 km.Pensioenregeling bij Pensioenfonds Horeca & Catering.25 vakantiedagen op fulltime basis8% vakantietoeslag die je per maand of per jaar kunt laten uitbetalen.Extra toeslag op feestdagen.Persoonlijke coaching, trainingen en opleidingen om je carrière verder uit te bouwen.55% korting op eten en drinken tijdens werktijd.Een prettige en leerzame werkomgeving met veel verantwoordelijkheid en ruimte voor ondernemerschap.Jouw recept voor succesJou ontgaat niets. Razendsnel neem jij iedere situatie in je op. Is de doorstroom bij de kassa goed? Wordt die vieze tafel schoongemaakt? Is er voldoende voorraad in de keuken? En als het nodig is, grijp je in. Jij bewaart namelijk altijd de rust en het overzicht. Ook ben je communicatief en sociaal sterk en je weet precies wie wat nodig heeft om zijn werk optimaal te kunnen doen. Dat kan een luisterend oor zijn, maar ook een helpende hand of een duwtje in de juiste richting. Verder beschik je over:Leidinggevende ervaring in de horeca, catering of in een andere klant(gast)gerichte omgeving is mooi meegenomen.Een flexibele instelling.Have it your wayBen jij die gedreven assistent manager die zorgt dat alles op rolletjes loopt? Solliciteer meteen via onderstaande button en wie weet pak jij binnenkort de regie tijdens jouw eerste shift. Vergeet niet om je cv mee te sturen en ons te vertellen per wanneer je beschikbaar bent.Aantal uren:24 - 38 uurLocatie:Stroe
Geweldige service, uitstekende kwaliteit en een schoon restaurant. Onze gasten komen daar voor terug! Samen met de crew en collega managers krijg jij het voor elkaar. Zowel parttime als fulltime ben jij de leidinggevende die ervoor zorgt dat jouw shift op rolletjes loopt. Solliciteer nu en wordt onderdeel van dit team!Jouw job als Assistent Manager HorecaAls geboren teamleider grijp je deze kans met beide handen aan. Want waar anders krijg je als Assistent Manager al zoveel verantwoordelijkheid en volop doorgroeimogelijkheden? Dit is pas het begin, voor je het weet voer jij de regie over je eigen restaurant. Maar first things first. Want voorlopig heb jij je handen vol aan het aansturen van de crew, oplossen van problemen en controleren van de kwaliteit van de service en producten. Gastvrijheid en kwaliteit van onze producten staan namelijk voorop, maar hard werken én hard lachen zijn net zo belangrijk. Met veel plezier steek jij je handen uit de mouwen bij het:Aansturen, motiveren en coachen van medewerkersUitvoeren van kwaliteitscontroles en opstellen van de beste shiftplanningOplossen van problemen met de service, producten en/of kwaliteitMeewerken in de operatie als onderdeel van de crewOns aanbodJouw drive en inzet moeten natuurlijk beloond worden. Daar doen we niet moeilijk over, daarom bieden wij jou (op fulltime basis):Een bruto maand salaris tussen € 1900 en € 2100 afhankelijk van de ervaring die je meeneemt.Contract voor 24, 32 of 38 uur per week voor 7 maanden (1 maand proeftijd)Flexibele werktijden in goed overleg.Reiskostenvergoeding voor woon- werkverkeer vanaf 5 km.Pensioenregeling bij Pensioenfonds Horeca & Catering.25 vakantiedagen op fulltime basis8% vakantietoeslag die je per maand of per jaar kunt laten uitbetalen.Extra toeslag op feestdagen.Persoonlijke coaching, trainingen en opleidingen om je carrière verder uit te bouwen.55% korting op eten en drinken tijdens werktijd.Een prettige en leerzame werkomgeving met veel verantwoordelijkheid en ruimte voor ondernemerschap.Jouw recept voor succesJou ontgaat niets. Razendsnel neem jij iedere situatie in je op. Is de doorstroom bij de kassa goed? Wordt die vieze tafel schoongemaakt? Is er voldoende voorraad in de keuken? En als het nodig is, grijp je in. Jij bewaart namelijk altijd de rust en het overzicht. Ook ben je communicatief en sociaal sterk en je weet precies wie wat nodig heeft om zijn werk optimaal te kunnen doen. Dat kan een luisterend oor zijn, maar ook een helpende hand of een duwtje in de juiste richting. Verder beschik je over:Leidinggevende ervaring in de horeca, catering of in een andere klant(gast)gerichte omgeving is mooi meegenomen.Een flexibele instelling.Have it your wayBen jij die gedreven assistent manager die zorgt dat alles op rolletjes loopt? Solliciteer meteen via onderstaande button en wie weet pak jij binnenkort de regie tijdens jouw eerste shift. Vergeet niet om je cv mee te sturen en ons te vertellen per wanneer je beschikbaar bent.Aantal uren:24 - 38 uurLocatie:Stroe
Geweldige service, uitstekende kwaliteit en een schoon restaurant. Onze gasten komen daar voor terug! Samen met de crew en collega managers krijg jij het voor elkaar. Zowel parttime als fulltime ben jij de leidinggevende die ervoor zorgt dat jouw shift op rolletjes loopt. Solliciteer nu en wordt onderdeel van dit team!Jouw job als Assistent Manager HorecaAls geboren teamleider grijp je deze kans met beide handen aan. Want waar anders krijg je als Assistent Manager al zoveel verantwoordelijkheid en volop doorgroeimogelijkheden? Dit is pas het begin, voor je het weet voer jij de regie over je eigen restaurant. Maar first things first. Want voorlopig heb jij je handen vol aan het aansturen van de crew, oplossen van problemen en controleren van de kwaliteit van de service en producten. Gastvrijheid en kwaliteit van onze producten staan namelijk voorop, maar hard werken én hard lachen zijn net zo belangrijk. Met veel plezier steek jij je handen uit de mouwen bij het:Aansturen, motiveren en coachen van medewerkersUitvoeren van kwaliteitscontroles en opstellen van de beste shiftplanningOplossen van problemen met de service, producten en/of kwaliteitMeewerken in de operatie als onderdeel van de crewOns aanbodJouw drive en inzet moeten natuurlijk beloond worden. Daar doen we niet moeilijk over, daarom bieden wij jou (op fulltime basis):Een bruto maand salaris tussen € 1900 en € 2100 afhankelijk van de ervaring die je meeneemt.Contract voor 24, 32 of 38 uur per week voor 7 maanden (1 maand proeftijd)Flexibele werktijden in goed overleg.Reiskostenvergoeding voor woon- werkverkeer vanaf 5 km.Pensioenregeling bij Pensioenfonds Horeca & Catering.25 vakantiedagen op fulltime basis8% vakantietoeslag die je per maand of per jaar kunt laten uitbetalen.Extra toeslag op feestdagen.Persoonlijke coaching, trainingen en opleidingen om je carrière verder uit te bouwen.55% korting op eten en drinken tijdens werktijd.Een prettige en leerzame werkomgeving met veel verantwoordelijkheid en ruimte voor ondernemerschap.Jouw recept voor succesJou ontgaat niets. Razendsnel neem jij iedere situatie in je op. Is de doorstroom bij de kassa goed? Wordt die vieze tafel schoongemaakt? Is er voldoende voorraad in de keuken? En als het nodig is, grijp je in. Jij bewaart namelijk altijd de rust en het overzicht. Ook ben je communicatief en sociaal sterk en je weet precies wie wat nodig heeft om zijn werk optimaal te kunnen doen. Dat kan een luisterend oor zijn, maar ook een helpende hand of een duwtje in de juiste richting. Verder beschik je over:Leidinggevende ervaring in de horeca, catering of in een andere klant(gast)gerichte omgeving is mooi meegenomen.Een flexibele instelling.Have it your wayBen jij die gedreven assistent manager die zorgt dat alles op rolletjes loopt? Solliciteer meteen via onderstaande button en wie weet pak jij binnenkort de regie tijdens jouw eerste shift. Vergeet niet om je cv mee te sturen en ons te vertellen per wanneer je beschikbaar bent.

Aantal uren:24 - 38 uurLocatie:Stroe
Aantal uren:24 - 38 uurLocatie:Stroe
Aantal uren:24 - 38 uurLocatie:Stroe
",Beursgenoteerd bedrijf,3.4,https://www.glassdoor.nl/https://www.glassdoor.nl/partner/jobListing.htm?pos=102&ao=1044074&s=58&guid=000001782c9226f7b616c526e329e418&src=GD_JOB_VIEW&t=SR&vt=w&cs=1_5cd23e73&cb=1615655479698&jobListingId=4015138921,https://www.glassdoor.nl/partner/jobListing.htm?pos=102&ao=1044074&s=58&guid=000001782c9226f7b616c526e329e418&src=GD_JOB_AD&t=SR&vt=w&cs=1_d39f53b9&cb=1615655479698&jobListingId=4015138921,15d,15d,13/03/2021,en,Female,,
4,manager of healthcare institution,Glassdoor,4026890340,Relatiemanager Zorg,rosorum,Waalre,-1,-1,"9 maart 2021Als Verzorgende IG niveau 3 nachtdienst de ruimte krijgen om te zorgen!Inspirerende werkomgeving binnen een groeiende organisatiePersoonlijke en professionele ontwikkelingsmogelijkhedenDeel uitmaken van een klein, hecht teamEen goed salaris passend bij jouw ervaring en opleidingsniveauRosorum biedt ouderenzorg in residenties en zorgvilla’s in authentieke panden op toplocaties. Bewoners genieten dagelijks van een kleinschalige, exclusieve woonomgeving waar kwaliteit en persoonlijke aandacht voorop staat. Wil jij een bijdrage leveren aan het woongenot en samen met een klein, hecht team garant staan voor de allerbeste zorg op maat? Kom dan bij ons werken!Het DNA van Zorgvilla WaalreBij Rosorum maken we tijd voor ouderen. We staan klaar voor onze bewoners én voor jou als collega. We helpen je zodat je optimaal je vak kunt uitoefenen in een inspirerende werkomgeving. Zo kun je rekenen op een collegiale werksfeer waarin je tijd en ruimte hebt om op een fijne, respectvolle manier met mensen te werken. Je observeert, signaleert en verleent zorg op lichamelijk, geestelijk en sociaal vlak. Daarnaast heb je contact met de locatiemanager en de zorgcoördinator. Met elkaar besteden we aandacht en zorg aan een kleine groep mensen in een warme familiaire sfeer, waarbij jij in je kracht staat tijdens de nachtdiensten.Rosorum biedt een parttime dienstverband voor 16 tot 20 uur per week en volop mogelijkheden om je kennis up-to-date te houden met vakliteratuur, klinische lessen, themabesprekingen en bijscholing.Klik hier voor de volledige functieomschrijving Verzorgende IG niveau 3 nachtdienst bij de residentie in Arnhem.Het DNA van een échte Verzorgende IG niveau 3 nachtdienstHeb jij een warm hart voor ouderen, voorkeur voor nachtdiensten én ben je op zoek naar een zorgbaan met wow-factor? Kijk dan snel of je je herkent in de volgende competenties.Functievereisten:Je beschikt over MBO werk- en denkniveau en bent in het bezit van een diploma MBO-verzorgende kwalificatieniveau 3 (VIG)Je hebt ervaring en bent bekend met zowel psychogeriatrische als somatische zorgvragen van ouderenJe hebt de opleiding tot Bedrijfshulpverlener gevolgd of je bent bereid deze te volgen.Je beschikt over sterke communicatieve vaardighedenJe kunt zelfstandig werken, maar je bent ook een teamspelerJe bent alert en attent, hulpvaardig, flexibel, integer, geduldig en een doorzetterSamen het verschil maken?Als jij past in het geschetste profiel, solliciteer dan vandaag nog. Onze arbeidsvoorwaarden zijn conform de CAO -VVT. Op basis van je opleiding en werkervaring stellen we je startsalaris vast.Ben jij die zorgzame, vakbekwame Verzorgende IG voor nachtdiensten met niveau 3 en vind jij ook dat ouderen de aandacht moeten krijgen die ze verdienen, dan kunnen we samen het verschil maken!Kom jij ons team versterken?",Privébedrijf,3,-1,https://www.glassdoor.nl/partner/jobListing.htm?pos=103&ao=1044074&s=58&guid=000001782c9226f7b616c526e329e418&src=GD_JOB_AD&t=SR&vt=w&ea=1&cs=1_2ac7e452&cb=1615655479699&jobListingId=4026890340,4d,4d,13/03/2021,en,Female,,
5,manager of healthcare institution,Glassdoor,4009367044,Relatiemanager Zorg,Sherpa,Baarn,-1,-1,"Sherpa is op zoek naar eenVerzorgende EMBWat ga jij doen als Verzorgende EMB?Door jouw inzet draag je zorg voor het zo zelfstandig mogelijk blijven van de cliënt. De cliënten zijn in hun dagelijkse handelingen afhankelijk van begeleiding en hebben veel medische zorg nodig;je pakt het initiatief om cliënten tot activiteit te bewegen en weet de kleine succesjes met hen te vieren;met collega’s samenwerken in een saamhorig en gedreven team.Wat wij van jou verwachteneen mbo diploma vanaf niveau 3 Verzorgende of Maatschappelijke Zorgin staat zijn voorbehouden handelingen te verrichten of de bereidheid hebben deze binnen Sherpa te gaan trainen;een betrouwbare collega kunnen zijn en geduld hebben met het tempo waarin de cliënt leeft;oog hebben voor een professionele ondersteuning en tegelijkertijd sfeer kunnen brengen.Wat wij jou biedenEen contract voor 28 uur per week (meer uren werken is mogelijk) met uitzicht op een vast dienstverband als het van beide kanten klikt. Tijdens de nacht wordt er gebruik gemaakt van een uitluistersysteem, er zijn geen slaapdiensten maar wel weekenddiensten.De functie is ingeschaald als Begeleider B in FWG 35 volgens de cao Gehandicaptenzorg per 1 juni 2020, met een maximum salaris van € 2.766,= bij een fulltime dienstverband. Verder biedt Sherpa een zeer aantrekkelijk pakket secundaire arbeidsvoorwaarden. Daarnaast krijg je volop de mogelijkheid jezelf te ontwikkelen. Zo kun je met je diploma een mooie vervolgstap zetten.Arbeidsextra’s die wij bieden bovenop het in de vacature genoemde salaris:De cao Gehandicaptenzorg kent een fulltime werkweek van 36 uur.Sherpa heeft een eigen online Leerplein waar je volop gratis kunt bijscholen voor competenties die bij jouw functie horen.Ook kan je buiten werktijd, gratis gebruik maken van ondersteunende trainingen die worden aangeboden via 'GoodHabitz'.Er is een vakantietoeslag van 8,0% en een eindejaarsuitkering van 8,33%.Naast het wettelijk geregelde vakantieverlof (144 uur naar rato van je dienstverband) ontvang je een eigen extra verlof budget (PBL-uren) van 57 uur (bij een fulltime werkweek)Sherpa maakt ook gebruik van de faciliteiten via FiscFree: fiscale korting bij aanschaf van een smartphone en/of laptop, kortingsvouchers voor Bol.com en Coolblue; korting op een sportabonnement, een fiscaal aantrekkelijk fietsplan, weekendjes weg etc.Sherpa organiseert ieder jaar een populair en sfeervol Kerstpakkettenfeest waarbij je van harte welkom bent!Heb je meer informatie nodig? Bel met Wendy de Koning, manager Zorg en Ondersteuning op 06. 1326 5727.Solliciteren op de functie van Verzorgende EMBBen jij op zoek naar een baan waarbij je verantwoordelijkheid draagt en gezelligheid brengt? Laat dan je gegevens en/of CV achter via onze sollicitatiepagina. Solliciteren kan direct en bij een passend cv bellen we je snel voor het maken van een afspraak.Acquisitie naar aanleiding van deze vacature wordt niet op prijs gesteld.Trefwoorden: Verpleging, Verzorging, Verpleegkunde, Verpleegkundig, Verpleegkundige, Zorg & Welzijn, Begeleider, Persoonlijk Begeleider, MBO",Privébedrijf,-1,https://www.glassdoor.nl/https://www.glassdoor.nl/partner/jobListing.htm?pos=104&ao=1044318&s=58&guid=000001782c9226f7b616c526e329e418&src=GD_JOB_VIEW&t=SR&vt=w&cs=1_a02af389&cb=1615655479707&jobListingId=4009367044,https://www.glassdoor.nl/partner/jobListing.htm?pos=104&ao=1044318&s=58&guid=000001782c9226f7b616c526e329e418&src=GD_JOB_AD&t=SR&vt=w&cs=1_6f2633ab&cb=1615655479707&jobListingId=4009367044,19d,19d,13/03/2021,en,Female,,
6,manager of healthcare institution,Glassdoor,3816405376,Relatiemanager Zorg,Zorgcirkel,Alkmaar,-1,-1,"Verzorgende IG | 16 – 28 uur | Alkmaar | Westerhout (Gesloten PG)Inspelen op de diversiteit aan behoeften van onze oudere bewoners. Flexibel omgaan met voortdurend wisselende situatie. Daarin zit onze kracht, maar ook de uitdaging. We kijken telkens hoe het anders en vooral beter kan. Wil je dat samen met ons doen?Dit ga je doenPersoonsgericht werken vind je bij ons terug op elk niveau van zorg. Je geeft uitvoering aan de totale verzorging van onze bewoners op basis van een zorgplan en ondersteunt ze bij hun behoeften Je voert verpleegtechnische handelingen uit en geeft psychosociale begeleiding. Door het observeren, het signaleren en uitbrengen van rapportage zorg je voor informatieoverdracht over veranderingen in de lichamelijke en geestelijke toestand. Je levert een bijdrage aan het opstellen van zorgplannen, het uitvoeren van een adequate administratie en je neemt deel aan werkoverleggen. Daarnaast verstrek je informatie aan behandelaars, cliënten en hun relaties en ondersteun je in de werkbegeleiding van leerlingen.Dit vragen wij(bijna) diploma Verzorgende IG;je kunt zelfstandig werken en gaat verantwoordelijkheden niet uit de weg;persoonsgericht werken zit in je DNA en je hebt affiniteit met bewoners met dementie;je bent zorgzaam en vriendelijk;je bent flexibel, kunt goed in teamverband werken en je bent communicatief- en digitaal vaardig.Hier ga je werkenBij De Zorgcirkel werk je samen met professionele en gedreven collega, die hart hebben voor de cliënten én voor elkaar. Onze organisatie is volop in beweging, lerend en ontwikkelingsgericht. Onze zorg stemmen wij zo goed mogelijk af op de persoonlijke wensen en mogelijkheden van onze cliënten. In Platanenhof, bij onze locatie Westerhout in Alkmaar, kunnen mensen met dementie kleinschalig wonen. Hierbij is alles erop gericht om het wonen huiselijk en vertrouwd te laten zijn.Het gaat hier om een gesloten PG afdelingOok leuk om te weten is, is dat onze locatie Westerhout het Roze Loper certificaat heeft. Met dit certificaat willen wij vooroordelen tegengaan en bewustzijn ontwikkelen m.b.t. LHBTI met als doel een organisatie te zijn waar iedereen zich veilig en geaccepteerd voelt.www.rozezorg.nlDit bieden wijKansen om je verder te ontwikkelen, bijvoorbeeld door een opleiding naar verpleegkundig of door bijvoorbeeld specialisatie richting wondverzorgingDeelname in projectgroepenEen jaarcontract met de intentie tot onbepaalde tijd en uren in overlegEen salaris conform cao VVT. FWG 35 (min. €1.902 en max. €2.761 bij 36 uur exclusief onregelmatigheidstoeslagLeuke extra’s, zoals een bijdrage aan je sportabonnement, eindejaarsuitkering van 8,33% of een fietsplanHeb je vragen of wil je graag in contact komen met ons?Neem dan contact op met Magda Kuijpers, Zorgmanager via 06-16959178.Het is ook mogelijk een dagje mee te lopen na een introductie gesprek",Privébedrijf,4,https://www.glassdoor.nl/https://www.glassdoor.nl/partner/jobListing.htm?pos=105&ao=1044074&s=58&guid=000001782c9226f7b616c526e329e418&src=GD_JOB_VIEW&t=SR&vt=w&cs=1_35bbe460&cb=1615655479703&jobListingId=3816405376,https://www.glassdoor.nl/partner/jobListing.htm?pos=105&ao=1044074&s=58&guid=000001782c9226f7b616c526e329e418&src=GD_JOB_AD&t=SR&vt=w&cs=1_ecba412e&cb=1615655479703&jobListingId=3816405376,9d,9d,13/03/2021,en,Female,,
7,manager of healthcare institution,Glassdoor,3636821693,Relatiemanager Zorg,Zorgbalans,Haarlem,-1,-1,"Verzorgenden Haarlem, Heemstede, Castricum, Velserbroek en IJmuidenparttime / nul urenPrettig Thuis FlexpoolWat doe je als Verzorgende 3IG bij Prettig Thuis?Zelf bepalen waar en wanneer je werkt. Op flexibele basis. Je bent werkzaam voor één van de 5 clusters van Prettig Thuis. Wanneer de reguliere zorg je te zwaar wordt, is werken bij Prettig Thuis voor jou de oplossing.Als Verzorgende help je onze cliënten bij de dagelijkse zorg en voert verzorgende en verpleegtechnische handelingen uit. Uit je ervaring en gesprekken met cliënten weet je wat zij aan aandacht, zorg en begeleiding nodig hebben. Daarnaast voer je overleg met behandelaars en collega’s en heb je contact met de familieleden. Je draagt zelfstandig en actief bij aan het zorgplan en de uitvoering hiervan. Verder ga je een goed gesprek niet uit de weg. Of dat nu over vroeger is of nu, over verdrietige zaken of blije dingen. Het is niet de bedoeling dat jij je cliënt alles uit handen neemt, in tegendeel.in tegendeel. Wel help je hem of haar allerhande dingen te regelen.Je komt te werken in één van de Prettig Thuis teams in Haarlem, Castricum, Heemstede, Velserbroek of IJmuiden.Profiel en opleidingJe bent in het bezit van het diploma Verzorgende 3IG of Verzorgende AG met deelkwalificatie 304 (verplegende elementen) en een rijbewijs.Je hebt aantoonbare werkervaring in de ouderenzorg, het liefst in de thuiszorg.Je bent flexibel: je wordt in meerdere Prettig Thuis teams ingezetJe bent daadkrachtig, zit vol initiatief en je kunt goed inschatten wat er speelt.Je bent een teamplayer en praat graag met je collega’s over hoe jullie de zaken anders en beter kunnen aanpakken. Als het nodig is neem je het voortouw en neem je collega’s daar in mee.Vanzelfsprekend spreek en schrijf je goed NederlandsSamenwerking in een klein, hecht teamHet team bestaat uit ongeveer 10 collega’s waarvan 2 cliëntcoaches. De cliëntcoach regelt de planning van het rooster, stelt een zorgplan op en coördineert de zorg voor de cliënt. Je werkt dagelijks nauw samen met de cliëntcoach van jouw team. De cliëntcoach levert de eventuele zorg die nodig is, overlegt met de huisarts en staat dicht bij jou als je vragen hebt. Je hebt gezamenlijk met je team cliëntoverleg. Jij kent jouw cliënt immers het beste!Salaris en overige arbeidsvoorwaardenAfhankelijk van je opleiding en ervaring verdien je bij ons maximaal € 2.762,34 bruto per maand bij een 36-urige werkweek (FWG 35 conform de CAO VVT). Daarbij bouw je pensioen op bij pensioenfonds Zorg en Welzijn en ontvang je een eindejaarsuitkering van 8,33% en 8% vakantiegeld. Verder ontvang je een uitgebreid pakket aanvullende arbeidsvoorwaarden: Zorgbalans UIT&THUIS met gunstige regelingen voor gemak, gezondheid en ontspanning. De overige arbeidsvoorwaarden zijn conform de CAO VVT.Interesse in deze baan als Verzorgende 3IG bij Zorgbalans?Wil jij spin in het web zijn voor de cliënten van Prettig Thuis? Dan zijn wij op zoek naar jou! Je kunt natuurlijk ook een dagje meelopen om te kijken of je het leuk vindt voordat je solliciteert. Wij heten je van harte welkom!Klik hieronder op de button ‘solliciteren’ om je sollicitatie te versturen.Of bel voor meer informatie over de vacature met de teammanager Prettig Thuis: Marjo van de Rozenberg: 06-2774 1369Wil je meer weten over werken bij Prettig Thuis? Hier vind je meer informatie over deze tak van Zorgbalans: http://www.werkenbijzorgbalans.nl/Prettig-ThuisHet opvragen van een Verklaring Omtrent Gedrag (VOG) maakt onderdeel uit van de aanstellingsprocedure.Het opvragen van referenties kan onderdeel zijn van de procedure.Acquisitie door bureaus naar aanleiding van deze vacature wordt niet op prijs gesteld.",Privébedrijf,5,https://www.glassdoor.nl/https://www.glassdoor.nl/partner/jobListing.htm?pos=106&ao=1044074&s=58&guid=000001782c9226f7b616c526e329e418&src=GD_JOB_VIEW&t=SR&vt=w&cs=1_01ea3929&cb=1615655479705&jobListingId=3636821693,https://www.glassdoor.nl/partner/jobListing.htm?pos=106&ao=1044074&s=58&guid=000001782c9226f7b616c526e329e418&src=GD_JOB_AD&t=SR&vt=w&cs=1_106b8633&cb=1615655479706&jobListingId=3636821693,3d,3d,13/03/2021,en,Female,,
8,manager of healthcare institution,Glassdoor,4028012665,Relatiemanager Zorg,TWB Thuiszorg met Aandacht,Woensdrecht,-1,-1,"Heb jij een afgeronde opleiding Helpende Zorg en Welzijn niveau 2, ben je beschikbaar tussen de 16 en 24 uur per week en ben je op zoek naar een verantwoordelijke baan in de thuiszorg binnen een dorps karakter? Kom dan werken als helpende bij TWB voor de regio Woensdrecht!Word jij onze nieuwe collega helpende? (16-24 uur)”Omdat aandacht voor de cliënt voorop staat kan ik zorg verlenen vanuit mijn hart”Peggy, Helpende bij TWB Thuiszorg met Aandacht.Waarom wij het verschil makenTWB Thuiszorg met Aandacht is de expert op het gebied van thuiszorg. Als eerste in Nederland zijn we gestart met een Viraal Team. Landelijk nieuws haalden we met de primeur ‘thuistesten door TWB voor ouderen en kwetsbare inwoners van West-Brabant’. Zeker zo belangrijk voor alle cliënten die een beroep op ons moeten doen: we hebben tijdens de corona-pandemie onze zorg, hulp en ondersteuning verleend zonder af te schalen. Voor alle nieuwe cliënten bieden wij altijd een passende oplossing. Zo maken we met elkaar bij TWB het verschil voor inwoners in West-Brabant.Jouw regioJe komt te werken voor het cluster Woensdrecht (Hoogerheide, Huijbergen, Ossendrecht, Woensdrecht, Putte) binnen een collegiaal team bestaande uit 12 tot 20 collega's. Het cluster Woensdrecht bestaat uit 3 teams. Binnen dit cluster heerst een dorps karakter. Je cliënten zijn gastvrij en open. Ze vinden het fijn om naast de zorg die ze nodig hebben ook een luisterend oor te krijgen. Ze zijn blij dat je komt en met jouw ondersteuning blijven zij langer wonen in hun vertrouwde thuisomgeving!Zo maak jij het verschilIn de functie van helpende bij TWB kom je zelfstandig achter de voordeur van de cliënt. Elke cliënt heeft zijn eigen verhaal en ieder mens is verschillend, dat maakt jouw werk bijzonder! Je werkt heel zelfstandig, maar je doet dit niet alleen. Samen met de collega helpenden, verzorgenden, verzorgenden IG en verpleegkundigen vorm je een gezellig en hecht team. Je zorgmanager is hierbij je leidinggevende. Heb je vragen of loop je tegen een calamiteit aan? Er is altijd iemand bereikbaar die je kan helpen.Je cliënten zijn meestal ouder, (chronisch) ziek of lichamelijk of mentaal beperkt. Je draagt zorg voor het in stand houden en stimuleren van de zelfredzaamheid van de cliënt. Je helpt bij zijn of haar persoonlijke verzorging zoals bij het wassen en het aandoen van steunkousen. Ook voer je extra handelingen uit zoals het toedienen van oog/neus- en oordruppels. Daarnaast observeer, signaleer en rapporteer je afwijkende zorgvraag van cliënten. Dit maakt de functie van helpende verantwoordelijk en maakt jou voor de cliënt onmisbaar.DoorgroeimogelijkhedenBinnen TWB staat persoonlijke ontwikkeling centraal. Als helpende zijn er volop opleidings- en doorgroeimogelijkheden. Samen met je leidinggevende wordt er gekeken naar jouw behoefte. Zo kun je doorgroeien naar de functie van verzorgende door middel van een praktijkgerichte opleiding gefaciliteerd door TWB. Ben je nog niet uitgeleerd? Dan kun je verdere stappen maken en door middel van een praktijkgerichte opleiding doorgroeien naar verzorgende IG of zelfs verpleegkundige. Jij beslist zelf of en hoe snel je doorgroeit!Wij bieden joueen uitdagende en verantwoordelijke baan in een zelforganiserend team waarbij eigen inbreng wordt gewaardeerdeen arbeidsovereenkomst voor één jaar, met uitzicht op een vast dienstverbandeen parttime dienstverband voor 16 - 24 uur per weekeen salaris in schaal CAO VVT FWG 25. Dit is een salaris van € 1.808,- tot € 2.481,- op basis van een 36-urige werkweekeen reiskostenvergoeding van € 0,15 per km tot 10 km enkele reis. Zit je daar boven? Dan krijg je € 0,27 per kmgoede secundaire arbeidsvoorwaarden, zoals 8% vakantietoeslag, 8,33% eindejaarsuitkering, een collectieve ziektekostenverzekering en deelname aan het meerkeuzesysteem arbeidsvoorwaardenWij vragen van joueen diploma Helpende Zorg en Welzijn niveau 2 en bij voorkeur werkervaring in de thuiszorgdat je beschikking hebt over eigen vervoerdat je inzetbaar bent voor zowel de ochtend- (07:00 - 11:00) en/of een avondroute (17:00 - 23:00) en dat je om het weekend kunt werkendat je in staat bent om zelfstandig te werkendat je spontaan en sociaal vaardig bent en samen met de cliënt de werkzaamheden kunt uitvoeren en kan inspelen op zijn/haar wensendat je op een nette, heldere en tactische wijze communiceertdat je digitaal vaardig bent, zodat je dagelijks je email kunt lezen en kan inloggen op onze online systemenJouw reactieBen je enthousiast geworden over de functie van helpende? Solliciteer dan direct via de sollicitatieknop!Heb je vragen over de vacature? Neem gerust contact op met onze afdeling Werving & Selectie via 088-5602002.Voor deze functie is een Verklaring Omtrent het Gedrag (VOG) vereist (voor meer informatie: www.justis.nl).",Privébedrijf,-1,https://www.glassdoor.nl/https://www.glassdoor.nl/partner/jobListing.htm?pos=107&ao=1044074&s=58&guid=000001782c9226f7b616c526e329e418&src=GD_JOB_VIEW&t=SR&vt=w&cs=1_96a2c9b2&cb=1615655479707&jobListingId=4028012665,https://www.glassdoor.nl/partner/jobListing.htm?pos=107&ao=1044074&s=58&guid=000001782c9226f7b616c526e329e418&src=GD_JOB_AD&t=SR&vt=w&cs=1_992f9add&cb=1615655479707&jobListingId=4028012665,2d,2d,13/03/2021,en,Female,,
9,manager of healthcare institution,Glassdoor,4019890095,Relatiemanager Zorg,Shoeby,Middelburg,"Warenhuizen, kleding en schoenenzaken",Retail,"
DetailsDienstverbandFulltimeAantal uur per week38AdresLANGE DELFT 32, 4331 AP MIDDELBURGAls Storemanager geef je Shoeby een gezicht, een vriendelijk gezicht. Je bent een coach voor jouw team en helpt ze groeien. Met jouw kennis en ervaring maak jij van jouw winkel, de beste winkel!Wat ga je doenVoor onze gloed nieuwe winkel in Middelburg zijn wij op zoek naar een Storemanager. Hier zorg jij voor een aantrekkelijke winkel waar iedereen zich welkom voelt. Jij weet voor elke klant de perfecte outfit bij de juiste behoefte te vinden. Je bent verantwoordelijk voor jouw budget, omzet en personeel. Door een goede planning, inspelen op commerciële kansen en slim omgaan met de verkoop van je voorraad word jij de beste van jouw regio. Samen met je team bedenk je creatieve en originele manieren om de omzet te verhogen en het klantenbestand uit te breiden. Jij zorgt voor een optimaal presterend team die zich door jouw coaching blijft ontwikkelen.Wie ben jijJij bent pas happy als jouw klanten tevreden de winkel verlaten. De mens staat bij jou centraal, of dit nu jouw klanten zijn of jouw personeel. Je bent gedreven, enthousiast en hebt plezier in je werk. Ondernemerschap zit in jouw bloed, jij maakt van alles een succes. Je bent creatief en altijd op zoek naar commerciële kansen. Jij houd van alles wat met mode, styling of beauty te maken heeft.Relevante werkervaring als manager in een soortgelijke branche;Minimaal MBO+ werk- en denk niveau;Je bent representatief, jij begaat geen modeflaters;Communicatief sterk;Jij staat sterk in je schoenen, denkt altijd oplossingsgericht en bent goed in plannen en organiseren.Wat bieden wijNaast de kans om als Storemanager samen met ons, Shoeby en de winkel op de kaart van Middelburg/Zeeland te zetten en dit helemaal eigen te maken, bieden wij jou o.a. het volgende:Een salaris op basis van jouw werkervaring, 24 vakantiedagen o.b.v. 38 uur en reiskostenvergoeding;Winkel bonus;Trainingen via onze Shoeby Academy en online platform Goodhabitz;Korting bij een sportschool naar keuze;35 % personeelskorting;Shoeby feesten waar iedereen vaak nog maanden over wordt doorgepraat en leuke teamactiviteiten!Blij geworden van deze vacature? Solliciteer dan snel met jouw CV en motivatie!
DetailsDienstverbandFulltimeAantal uur per week38AdresLANGE DELFT 32, 4331 AP MIDDELBURGAls Storemanager geef je Shoeby een gezicht, een vriendelijk gezicht. Je bent een coach voor jouw team en helpt ze groeien. Met jouw kennis en ervaring maak jij van jouw winkel, de beste winkel!Wat ga je doenVoor onze gloed nieuwe winkel in Middelburg zijn wij op zoek naar een Storemanager. Hier zorg jij voor een aantrekkelijke winkel waar iedereen zich welkom voelt. Jij weet voor elke klant de perfecte outfit bij de juiste behoefte te vinden. Je bent verantwoordelijk voor jouw budget, omzet en personeel. Door een goede planning, inspelen op commerciële kansen en slim omgaan met de verkoop van je voorraad word jij de beste van jouw regio. Samen met je team bedenk je creatieve en originele manieren om de omzet te verhogen en het klantenbestand uit te breiden. Jij zorgt voor een optimaal presterend team die zich door jouw coaching blijft ontwikkelen.Wie ben jijJij bent pas happy als jouw klanten tevreden de winkel verlaten. De mens staat bij jou centraal, of dit nu jouw klanten zijn of jouw personeel. Je bent gedreven, enthousiast en hebt plezier in je werk. Ondernemerschap zit in jouw bloed, jij maakt van alles een succes. Je bent creatief en altijd op zoek naar commerciële kansen. Jij houd van alles wat met mode, styling of beauty te maken heeft.Relevante werkervaring als manager in een soortgelijke branche;Minimaal MBO+ werk- en denk niveau;Je bent representatief, jij begaat geen modeflaters;Communicatief sterk;Jij staat sterk in je schoenen, denkt altijd oplossingsgericht en bent goed in plannen en organiseren.Wat bieden wijNaast de kans om als Storemanager samen met ons, Shoeby en de winkel op de kaart van Middelburg/Zeeland te zetten en dit helemaal eigen te maken, bieden wij jou o.a. het volgende:Een salaris op basis van jouw werkervaring, 24 vakantiedagen o.b.v. 38 uur en reiskostenvergoeding;Winkel bonus;Trainingen via onze Shoeby Academy en online platform Goodhabitz;Korting bij een sportschool naar keuze;35 % personeelskorting;Shoeby feesten waar iedereen vaak nog maanden over wordt doorgepraat en leuke teamactiviteiten!Blij geworden van deze vacature? Solliciteer dan snel met jouw CV en motivatie!
DetailsDienstverbandFulltimeAantal uur per week38AdresLANGE DELFT 32, 4331 AP MIDDELBURGAls Storemanager geef je Shoeby een gezicht, een vriendelijk gezicht. Je bent een coach voor jouw team en helpt ze groeien. Met jouw kennis en ervaring maak jij van jouw winkel, de beste winkel!Wat ga je doenVoor onze gloed nieuwe winkel in Middelburg zijn wij op zoek naar een Storemanager. Hier zorg jij voor een aantrekkelijke winkel waar iedereen zich welkom voelt. Jij weet voor elke klant de perfecte outfit bij de juiste behoefte te vinden. Je bent verantwoordelijk voor jouw budget, omzet en personeel. Door een goede planning, inspelen op commerciële kansen en slim omgaan met de verkoop van je voorraad word jij de beste van jouw regio. Samen met je team bedenk je creatieve en originele manieren om de omzet te verhogen en het klantenbestand uit te breiden. Jij zorgt voor een optimaal presterend team die zich door jouw coaching blijft ontwikkelen.Wie ben jijJij bent pas happy als jouw klanten tevreden de winkel verlaten. De mens staat bij jou centraal, of dit nu jouw klanten zijn of jouw personeel. Je bent gedreven, enthousiast en hebt plezier in je werk. Ondernemerschap zit in jouw bloed, jij maakt van alles een succes. Je bent creatief en altijd op zoek naar commerciële kansen. Jij houd van alles wat met mode, styling of beauty te maken heeft.Relevante werkervaring als manager in een soortgelijke branche;Minimaal MBO+ werk- en denk niveau;Je bent representatief, jij begaat geen modeflaters;Communicatief sterk;Jij staat sterk in je schoenen, denkt altijd oplossingsgericht en bent goed in plannen en organiseren.Wat bieden wijNaast de kans om als Storemanager samen met ons, Shoeby en de winkel op de kaart van Middelburg/Zeeland te zetten en dit helemaal eigen te maken, bieden wij jou o.a. het volgende:Een salaris op basis van jouw werkervaring, 24 vakantiedagen o.b.v. 38 uur en reiskostenvergoeding;Winkel bonus;Trainingen via onze Shoeby Academy en online platform Goodhabitz;Korting bij een sportschool naar keuze;35 % personeelskorting;Shoeby feesten waar iedereen vaak nog maanden over wordt doorgepraat en leuke teamactiviteiten!Blij geworden van deze vacature? Solliciteer dan snel met jouw CV en motivatie!
DetailsDienstverbandFulltimeAantal uur per week38AdresLANGE DELFT 32, 4331 AP MIDDELBURGAls Storemanager geef je Shoeby een gezicht, een vriendelijk gezicht. Je bent een coach voor jouw team en helpt ze groeien. Met jouw kennis en ervaring maak jij van jouw winkel, de beste winkel!Wat ga je doenVoor onze gloed nieuwe winkel in Middelburg zijn wij op zoek naar een Storemanager. Hier zorg jij voor een aantrekkelijke winkel waar iedereen zich welkom voelt. Jij weet voor elke klant de perfecte outfit bij de juiste behoefte te vinden. Je bent verantwoordelijk voor jouw budget, omzet en personeel. Door een goede planning, inspelen op commerciële kansen en slim omgaan met de verkoop van je voorraad word jij de beste van jouw regio. Samen met je team bedenk je creatieve en originele manieren om de omzet te verhogen en het klantenbestand uit te breiden. Jij zorgt voor een optimaal presterend team die zich door jouw coaching blijft ontwikkelen.Wie ben jijJij bent pas happy als jouw klanten tevreden de winkel verlaten. De mens staat bij jou centraal, of dit nu jouw klanten zijn of jouw personeel. Je bent gedreven, enthousiast en hebt plezier in je werk. Ondernemerschap zit in jouw bloed, jij maakt van alles een succes. Je bent creatief en altijd op zoek naar commerciële kansen. Jij houd van alles wat met mode, styling of beauty te maken heeft.Relevante werkervaring als manager in een soortgelijke branche;Minimaal MBO+ werk- en denk niveau;Je bent representatief, jij begaat geen modeflaters;Communicatief sterk;Jij staat sterk in je schoenen, denkt altijd oplossingsgericht en bent goed in plannen en organiseren.Wat bieden wijNaast de kans om als Storemanager samen met ons, Shoeby en de winkel op de kaart van Middelburg/Zeeland te zetten en dit helemaal eigen te maken, bieden wij jou o.a. het volgende:Een salaris op basis van jouw werkervaring, 24 vakantiedagen o.b.v. 38 uur en reiskostenvergoeding;Winkel bonus;Trainingen via onze Shoeby Academy en online platform Goodhabitz;Korting bij een sportschool naar keuze;35 % personeelskorting;Shoeby feesten waar iedereen vaak nog maanden over wordt doorgepraat en leuke teamactiviteiten!Blij geworden van deze vacature? Solliciteer dan snel met jouw CV en motivatie!
DetailsDienstverbandFulltimeAantal uur per week38AdresLANGE DELFT 32, 4331 AP MIDDELBURGAls Storemanager geef je Shoeby een gezicht, een vriendelijk gezicht. Je bent een coach voor jouw team en helpt ze groeien. Met jouw kennis en ervaring maak jij van jouw winkel, de beste winkel!Wat ga je doenVoor onze gloed nieuwe winkel in Middelburg zijn wij op zoek naar een Storemanager. Hier zorg jij voor een aantrekkelijke winkel waar iedereen zich welkom voelt. Jij weet voor elke klant de perfecte outfit bij de juiste behoefte te vinden. Je bent verantwoordelijk voor jouw budget, omzet en personeel. Door een goede planning, inspelen op commerciële kansen en slim omgaan met de verkoop van je voorraad word jij de beste van jouw regio. Samen met je team bedenk je creatieve en originele manieren om de omzet te verhogen en het klantenbestand uit te breiden. Jij zorgt voor een optimaal presterend team die zich door jouw coaching blijft ontwikkelen.Wie ben jijJij bent pas happy als jouw klanten tevreden de winkel verlaten. De mens staat bij jou centraal, of dit nu jouw klanten zijn of jouw personeel. Je bent gedreven, enthousiast en hebt plezier in je werk. Ondernemerschap zit in jouw bloed, jij maakt van alles een succes. Je bent creatief en altijd op zoek naar commerciële kansen. Jij houd van alles wat met mode, styling of beauty te maken heeft.Relevante werkervaring als manager in een soortgelijke branche;Minimaal MBO+ werk- en denk niveau;Je bent representatief, jij begaat geen modeflaters;Communicatief sterk;Jij staat sterk in je schoenen, denkt altijd oplossingsgericht en bent goed in plannen en organiseren.Wat bieden wijNaast de kans om als Storemanager samen met ons, Shoeby en de winkel op de kaart van Middelburg/Zeeland te zetten en dit helemaal eigen te maken, bieden wij jou o.a. het volgende:Een salaris op basis van jouw werkervaring, 24 vakantiedagen o.b.v. 38 uur en reiskostenvergoeding;Winkel bonus;Trainingen via onze Shoeby Academy en online platform Goodhabitz;Korting bij een sportschool naar keuze;35 % personeelskorting;Shoeby feesten waar iedereen vaak nog maanden over wordt doorgepraat en leuke teamactiviteiten!Blij geworden van deze vacature? Solliciteer dan snel met jouw CV en motivatie!
DetailsDienstverbandFulltimeAantal uur per week38
DetailsDienstverbandFulltimeAantal uur per week38
Details
Details
DienstverbandFulltimeAantal uur per week38
DienstverbandFulltimeAantal uur per week38
DienstverbandFulltimeAantal uur per week38
DienstverbandFulltimeAantal uur per week38
DienstverbandFulltimeAantal uur per week38
DienstverbandFulltime
Dienstverband
Fulltime
Aantal uur per week38
Aantal uur per week
38
38
AdresLANGE DELFT 32, 4331 AP MIDDELBURG
AdresLANGE DELFT 32, 4331 AP MIDDELBURG
AdresLANGE DELFT 32, 4331 AP MIDDELBURG
AdresLANGE DELFT 32, 4331 AP MIDDELBURG
AdresLANGE DELFT 32, 4331 AP MIDDELBURG
AdresLANGE DELFT 32, 4331 AP MIDDELBURG
AdresLANGE DELFT 32, 4331 AP MIDDELBURG
Adres
LANGE DELFT 32, 4331 AP MIDDELBURG
Als Storemanager geef je Shoeby een gezicht, een vriendelijk gezicht. Je bent een coach voor jouw team en helpt ze groeien. Met jouw kennis en ervaring maak jij van jouw winkel, de beste winkel!
Als Storemanager geef je Shoeby een gezicht, een vriendelijk gezicht. Je bent een coach voor jouw team en helpt ze groeien. Met jouw kennis en ervaring maak jij van jouw winkel, de beste winkel!
Als Storemanager geef je Shoeby een gezicht, een vriendelijk gezicht. Je bent een coach voor jouw team en helpt ze groeien. Met jouw kennis en ervaring maak jij van jouw winkel, de beste winkel!
Als Storemanager geef je Shoeby een gezicht, een vriendelijk gezicht. Je bent een coach voor jouw team en helpt ze groeien. Met jouw kennis en ervaring maak jij van jouw winkel, de beste winkel!
Als Storemanager geef je Shoeby een gezicht, een vriendelijk gezicht. Je bent een coach voor jouw team en helpt ze groeien. Met jouw kennis en ervaring maak jij van jouw winkel, de beste winkel!
Als Storemanager geef je Shoeby een gezicht, een vriendelijk gezicht. Je bent een coach voor jouw team en helpt ze groeien. Met jouw kennis en ervaring maak jij van jouw winkel, de beste winkel!
Als Storemanager geef je Shoeby een gezicht, een vriendelijk gezicht. Je bent een coach voor jouw team en helpt ze groeien. Met jouw kennis en ervaring maak jij van jouw winkel, de beste winkel!
Als Storemanager geef je Shoeby een gezicht, een vriendelijk gezicht. Je bent een coach voor jouw team en helpt ze groeien. Met jouw kennis en ervaring maak jij van jouw winkel, de beste winkel!
Als Storemanager geef je Shoeby een gezicht, een vriendelijk gezicht. Je bent een coach voor jouw team en helpt ze groeien. Met jouw kennis en ervaring maak jij van jouw winkel, de beste winkel!

Wat ga je doenVoor onze gloed nieuwe winkel in Middelburg zijn wij op zoek naar een Storemanager. Hier zorg jij voor een aantrekkelijke winkel waar iedereen zich welkom voelt. Jij weet voor elke klant de perfecte outfit bij de juiste behoefte te vinden. Je bent verantwoordelijk voor jouw budget, omzet en personeel. Door een goede planning, inspelen op commerciële kansen en slim omgaan met de verkoop van je voorraad word jij de beste van jouw regio. Samen met je team bedenk je creatieve en originele manieren om de omzet te verhogen en het klantenbestand uit te breiden. Jij zorgt voor een optimaal presterend team die zich door jouw coaching blijft ontwikkelen.
Wat ga je doenVoor onze gloed nieuwe winkel in Middelburg zijn wij op zoek naar een Storemanager. Hier zorg jij voor een aantrekkelijke winkel waar iedereen zich welkom voelt. Jij weet voor elke klant de perfecte outfit bij de juiste behoefte te vinden. Je bent verantwoordelijk voor jouw budget, omzet en personeel. Door een goede planning, inspelen op commerciële kansen en slim omgaan met de verkoop van je voorraad word jij de beste van jouw regio. Samen met je team bedenk je creatieve en originele manieren om de omzet te verhogen en het klantenbestand uit te breiden. Jij zorgt voor een optimaal presterend team die zich door jouw coaching blijft ontwikkelen.
Wat ga je doen
Wat ga je doen
Voor onze gloed nieuwe winkel in Middelburg zijn wij op zoek naar een Storemanager. Hier zorg jij voor een aantrekkelijke winkel waar iedereen zich welkom voelt. Jij weet voor elke klant de perfecte outfit bij de juiste behoefte te vinden. Je bent verantwoordelijk voor jouw budget, omzet en personeel. Door een goede planning, inspelen op commerciële kansen en slim omgaan met de verkoop van je voorraad word jij de beste van jouw regio. Samen met je team bedenk je creatieve en originele manieren om de omzet te verhogen en het klantenbestand uit te breiden. Jij zorgt voor een optimaal presterend team die zich door jouw coaching blijft ontwikkelen.
Voor onze gloed nieuwe winkel in Middelburg zijn wij op zoek naar een Storemanager. Hier zorg jij voor een aantrekkelijke winkel waar iedereen zich welkom voelt. Jij weet voor elke klant de perfecte outfit bij de juiste behoefte te vinden. Je bent verantwoordelijk voor jouw budget, omzet en personeel. Door een goede planning, inspelen op commerciële kansen en slim omgaan met de verkoop van je voorraad word jij de beste van jouw regio. Samen met je team bedenk je creatieve en originele manieren om de omzet te verhogen en het klantenbestand uit te breiden. Jij zorgt voor een optimaal presterend team die zich door jouw coaching blijft ontwikkelen.
Voor onze gloed nieuwe winkel in Middelburg zijn wij op zoek naar een Storemanager. Hier zorg jij voor een aantrekkelijke winkel waar iedereen zich welkom voelt. Jij weet voor elke klant de perfecte outfit bij de juiste behoefte te vinden. Je bent verantwoordelijk voor jouw budget, omzet en personeel. Door een goede planning, inspelen op commerciële kansen en slim omgaan met de verkoop van je voorraad word jij de beste van jouw regio. Samen met je team bedenk je creatieve en originele manieren om de omzet te verhogen en het klantenbestand uit te breiden. Jij zorgt voor een optimaal presterend team die zich door jouw coaching blijft ontwikkelen.
Voor onze gloed nieuwe winkel in Middelburg zijn wij op zoek naar een Storemanager. Hier zorg jij voor een aantrekkelijke winkel waar iedereen zich welkom voelt. Jij weet voor elke klant de perfecte outfit bij de juiste behoefte te vinden. Je bent verantwoordelijk voor jouw budget, omzet en personeel. Door een goede planning, inspelen op commerciële kansen en slim omgaan met de verkoop van je voorraad word jij de beste van jouw regio. Samen met je team bedenk je creatieve en originele manieren om de omzet te verhogen en het klantenbestand uit te breiden. Jij zorgt voor een optimaal presterend team die zich door jouw coaching blijft ontwikkelen.
Voor onze gloed nieuwe winkel in Middelburg zijn wij op zoek naar een Storemanager. Hier zorg jij voor een aantrekkelijke winkel waar iedereen zich welkom voelt. Jij weet voor elke klant de perfecte outfit bij de juiste behoefte te vinden. Je bent verantwoordelijk voor jouw budget, omzet en personeel. Door een goede planning, inspelen op commerciële kansen en slim omgaan met de verkoop van je voorraad word jij de beste van jouw regio. Samen met je team bedenk je creatieve en originele manieren om de omzet te verhogen en het klantenbestand uit te breiden. Jij zorgt voor een optimaal presterend team die zich door jouw coaching blijft ontwikkelen.
Voor onze gloed nieuwe winkel in Middelburg zijn wij op zoek naar een Storemanager. Hier zorg jij voor een aantrekkelijke winkel waar iedereen zich welkom voelt. Jij weet voor elke klant de perfecte outfit bij de juiste behoefte te vinden. Je bent verantwoordelijk voor jouw budget, omzet en personeel. Door een goede planning, inspelen op commerciële kansen en slim omgaan met de verkoop van je voorraad word jij de beste van jouw regio. Samen met je team bedenk je creatieve en originele manieren om de omzet te verhogen en het klantenbestand uit te breiden. Jij zorgt voor een optimaal presterend team die zich door jouw coaching blijft ontwikkelen.
Voor onze gloed nieuwe winkel in Middelburg zijn wij op zoek naar een Storemanager. Hier zorg jij voor een aantrekkelijke winkel waar iedereen zich welkom voelt. Jij weet voor elke klant de perfecte outfit bij de juiste behoefte te vinden. Je bent verantwoordelijk voor jouw budget, omzet en personeel. Door een goede planning, inspelen op commerciële kansen en slim omgaan met de verkoop van je voorraad word jij de beste van jouw regio. Samen met je team bedenk je creatieve en originele manieren om de omzet te verhogen en het klantenbestand uit te breiden. Jij zorgt voor een optimaal presterend team die zich door jouw coaching blijft ontwikkelen.
Voor onze gloed nieuwe winkel in Middelburg zijn wij op zoek naar een Storemanager. Hier zorg jij voor een aantrekkelijke winkel waar iedereen zich welkom voelt. Jij weet voor elke klant de perfecte outfit bij de juiste behoefte te vinden. Je bent verantwoordelijk voor jouw budget, omzet en personeel. Door een goede planning, inspelen op commerciële kansen en slim omgaan met de verkoop van je voorraad word jij de beste van jouw regio. Samen met je team bedenk je creatieve en originele manieren om de omzet te verhogen en het klantenbestand uit te breiden. Jij zorgt voor een optimaal presterend team die zich door jouw coaching blijft ontwikkelen.
Wie ben jijJij bent pas happy als jouw klanten tevreden de winkel verlaten. De mens staat bij jou centraal, of dit nu jouw klanten zijn of jouw personeel. Je bent gedreven, enthousiast en hebt plezier in je werk. Ondernemerschap zit in jouw bloed, jij maakt van alles een succes. Je bent creatief en altijd op zoek naar commerciële kansen. Jij houd van alles wat met mode, styling of beauty te maken heeft.Relevante werkervaring als manager in een soortgelijke branche;Minimaal MBO+ werk- en denk niveau;Je bent representatief, jij begaat geen modeflaters;Communicatief sterk;Jij staat sterk in je schoenen, denkt altijd oplossingsgericht en bent goed in plannen en organiseren.
Wie ben jijJij bent pas happy als jouw klanten tevreden de winkel verlaten. De mens staat bij jou centraal, of dit nu jouw klanten zijn of jouw personeel. Je bent gedreven, enthousiast en hebt plezier in je werk. Ondernemerschap zit in jouw bloed, jij maakt van alles een succes. Je bent creatief en altijd op zoek naar commerciële kansen. Jij houd van alles wat met mode, styling of beauty te maken heeft.Relevante werkervaring als manager in een soortgelijke branche;Minimaal MBO+ werk- en denk niveau;Je bent representatief, jij begaat geen modeflaters;Communicatief sterk;Jij staat sterk in je schoenen, denkt altijd oplossingsgericht en bent goed in plannen en organiseren.
Wie ben jij
Wie ben jij
Jij bent pas happy als jouw klanten tevreden de winkel verlaten. De mens staat bij jou centraal, of dit nu jouw klanten zijn of jouw personeel. Je bent gedreven, enthousiast en hebt plezier in je werk. Ondernemerschap zit in jouw bloed, jij maakt van alles een succes. Je bent creatief en altijd op zoek naar commerciële kansen. Jij houd van alles wat met mode, styling of beauty te maken heeft.Relevante werkervaring als manager in een soortgelijke branche;Minimaal MBO+ werk- en denk niveau;Je bent representatief, jij begaat geen modeflaters;Communicatief sterk;Jij staat sterk in je schoenen, denkt altijd oplossingsgericht en bent goed in plannen en organiseren.
Jij bent pas happy als jouw klanten tevreden de winkel verlaten. De mens staat bij jou centraal, of dit nu jouw klanten zijn of jouw personeel. Je bent gedreven, enthousiast en hebt plezier in je werk. Ondernemerschap zit in jouw bloed, jij maakt van alles een succes. Je bent creatief en altijd op zoek naar commerciële kansen. Jij houd van alles wat met mode, styling of beauty te maken heeft.Relevante werkervaring als manager in een soortgelijke branche;Minimaal MBO+ werk- en denk niveau;Je bent representatief, jij begaat geen modeflaters;Communicatief sterk;Jij staat sterk in je schoenen, denkt altijd oplossingsgericht en bent goed in plannen en organiseren.
Jij bent pas happy als jouw klanten tevreden de winkel verlaten. De mens staat bij jou centraal, of dit nu jouw klanten zijn of jouw personeel. Je bent gedreven, enthousiast en hebt plezier in je werk. Ondernemerschap zit in jouw bloed, jij maakt van alles een succes. Je bent creatief en altijd op zoek naar commerciële kansen. Jij houd van alles wat met mode, styling of beauty te maken heeft.Relevante werkervaring als manager in een soortgelijke branche;Minimaal MBO+ werk- en denk niveau;Je bent representatief, jij begaat geen modeflaters;Communicatief sterk;Jij staat sterk in je schoenen, denkt altijd oplossingsgericht en bent goed in plannen en organiseren.
Jij bent pas happy als jouw klanten tevreden de winkel verlaten. De mens staat bij jou centraal, of dit nu jouw klanten zijn of jouw personeel. Je bent gedreven, enthousiast en hebt plezier in je werk. Ondernemerschap zit in jouw bloed, jij maakt van alles een succes. Je bent creatief en altijd op zoek naar commerciële kansen. Jij houd van alles wat met mode, styling of beauty te maken heeft.Relevante werkervaring als manager in een soortgelijke branche;Minimaal MBO+ werk- en denk niveau;Je bent representatief, jij begaat geen modeflaters;Communicatief sterk;Jij staat sterk in je schoenen, denkt altijd oplossingsgericht en bent goed in plannen en organiseren.
Jij bent pas happy als jouw klanten tevreden de winkel verlaten. De mens staat bij jou centraal, of dit nu jouw klanten zijn of jouw personeel. Je bent gedreven, enthousiast en hebt plezier in je werk. Ondernemerschap zit in jouw bloed, jij maakt van alles een succes. Je bent creatief en altijd op zoek naar commerciële kansen. Jij houd van alles wat met mode, styling of beauty te maken heeft.Relevante werkervaring als manager in een soortgelijke branche;Minimaal MBO+ werk- en denk niveau;Je bent representatief, jij begaat geen modeflaters;Communicatief sterk;Jij staat sterk in je schoenen, denkt altijd oplossingsgericht en bent goed in plannen en organiseren.
Jij bent pas happy als jouw klanten tevreden de winkel verlaten. De mens staat bij jou centraal, of dit nu jouw klanten zijn of jouw personeel. Je bent gedreven, enthousiast en hebt plezier in je werk. Ondernemerschap zit in jouw bloed, jij maakt van alles een succes. Je bent creatief en altijd op zoek naar commerciële kansen. Jij houd van alles wat met mode, styling of beauty te maken heeft.Relevante werkervaring als manager in een soortgelijke branche;Minimaal MBO+ werk- en denk niveau;Je bent representatief, jij begaat geen modeflaters;Communicatief sterk;Jij staat sterk in je schoenen, denkt altijd oplossingsgericht en bent goed in plannen en organiseren.
Jij bent pas happy als jouw klanten tevreden de winkel verlaten. De mens staat bij jou centraal, of dit nu jouw klanten zijn of jouw personeel. Je bent gedreven, enthousiast en hebt plezier in je werk. Ondernemerschap zit in jouw bloed, jij maakt van alles een succes. Je bent creatief en altijd op zoek naar commerciële kansen. Jij houd van alles wat met mode, styling of beauty te maken heeft.Relevante werkervaring als manager in een soortgelijke branche;Minimaal MBO+ werk- en denk niveau;Je bent representatief, jij begaat geen modeflaters;Communicatief sterk;Jij staat sterk in je schoenen, denkt altijd oplossingsgericht en bent goed in plannen en organiseren.
Jij bent pas happy als jouw klanten tevreden de winkel verlaten. De mens staat bij jou centraal, of dit nu jouw klanten zijn of jouw personeel. Je bent gedreven, enthousiast en hebt plezier in je werk. Ondernemerschap zit in jouw bloed, jij maakt van alles een succes. Je bent creatief en altijd op zoek naar commerciële kansen. Jij houd van alles wat met mode, styling of beauty te maken heeft.Relevante werkervaring als manager in een soortgelijke branche;Minimaal MBO+ werk- en denk niveau;Je bent representatief, jij begaat geen modeflaters;Communicatief sterk;Jij staat sterk in je schoenen, denkt altijd oplossingsgericht en bent goed in plannen en organiseren.
Wat bieden wijNaast de kans om als Storemanager samen met ons, Shoeby en de winkel op de kaart van Middelburg/Zeeland te zetten en dit helemaal eigen te maken, bieden wij jou o.a. het volgende:Een salaris op basis van jouw werkervaring, 24 vakantiedagen o.b.v. 38 uur en reiskostenvergoeding;Winkel bonus;Trainingen via onze Shoeby Academy en online platform Goodhabitz;Korting bij een sportschool naar keuze;35 % personeelskorting;Shoeby feesten waar iedereen vaak nog maanden over wordt doorgepraat en leuke teamactiviteiten!Blij geworden van deze vacature? Solliciteer dan snel met jouw CV en motivatie!
Wat bieden wijNaast de kans om als Storemanager samen met ons, Shoeby en de winkel op de kaart van Middelburg/Zeeland te zetten en dit helemaal eigen te maken, bieden wij jou o.a. het volgende:Een salaris op basis van jouw werkervaring, 24 vakantiedagen o.b.v. 38 uur en reiskostenvergoeding;Winkel bonus;Trainingen via onze Shoeby Academy en online platform Goodhabitz;Korting bij een sportschool naar keuze;35 % personeelskorting;Shoeby feesten waar iedereen vaak nog maanden over wordt doorgepraat en leuke teamactiviteiten!Blij geworden van deze vacature? Solliciteer dan snel met jouw CV en motivatie!
Wat bieden wij
Wat bieden wij
Naast de kans om als Storemanager samen met ons, Shoeby en de winkel op de kaart van Middelburg/Zeeland te zetten en dit helemaal eigen te maken, bieden wij jou o.a. het volgende:Een salaris op basis van jouw werkervaring, 24 vakantiedagen o.b.v. 38 uur en reiskostenvergoeding;Winkel bonus;Trainingen via onze Shoeby Academy en online platform Goodhabitz;Korting bij een sportschool naar keuze;35 % personeelskorting;Shoeby feesten waar iedereen vaak nog maanden over wordt doorgepraat en leuke teamactiviteiten!Blij geworden van deze vacature? Solliciteer dan snel met jouw CV en motivatie!
Naast de kans om als Storemanager samen met ons, Shoeby en de winkel op de kaart van Middelburg/Zeeland te zetten en dit helemaal eigen te maken, bieden wij jou o.a. het volgende:Een salaris op basis van jouw werkervaring, 24 vakantiedagen o.b.v. 38 uur en reiskostenvergoeding;Winkel bonus;Trainingen via onze Shoeby Academy en online platform Goodhabitz;Korting bij een sportschool naar keuze;35 % personeelskorting;Shoeby feesten waar iedereen vaak nog maanden over wordt doorgepraat en leuke teamactiviteiten!Blij geworden van deze vacature? Solliciteer dan snel met jouw CV en motivatie!
Naast de kans om als Storemanager samen met ons, Shoeby en de winkel op de kaart van Middelburg/Zeeland te zetten en dit helemaal eigen te maken, bieden wij jou o.a. het volgende:Een salaris op basis van jouw werkervaring, 24 vakantiedagen o.b.v. 38 uur en reiskostenvergoeding;Winkel bonus;Trainingen via onze Shoeby Academy en online platform Goodhabitz;Korting bij een sportschool naar keuze;35 % personeelskorting;Shoeby feesten waar iedereen vaak nog maanden over wordt doorgepraat en leuke teamactiviteiten!Blij geworden van deze vacature? Solliciteer dan snel met jouw CV en motivatie!
Naast de kans om als Storemanager samen met ons, Shoeby en de winkel op de kaart van Middelburg/Zeeland te zetten en dit helemaal eigen te maken, bieden wij jou o.a. het volgende:Een salaris op basis van jouw werkervaring, 24 vakantiedagen o.b.v. 38 uur en reiskostenvergoeding;Winkel bonus;Trainingen via onze Shoeby Academy en online platform Goodhabitz;Korting bij een sportschool naar keuze;35 % personeelskorting;Shoeby feesten waar iedereen vaak nog maanden over wordt doorgepraat en leuke teamactiviteiten!Blij geworden van deze vacature? Solliciteer dan snel met jouw CV en motivatie!
Naast de kans om als Storemanager samen met ons, Shoeby en de winkel op de kaart van Middelburg/Zeeland te zetten en dit helemaal eigen te maken, bieden wij jou o.a. het volgende:Een salaris op basis van jouw werkervaring, 24 vakantiedagen o.b.v. 38 uur en reiskostenvergoeding;Winkel bonus;Trainingen via onze Shoeby Academy en online platform Goodhabitz;Korting bij een sportschool naar keuze;35 % personeelskorting;Shoeby feesten waar iedereen vaak nog maanden over wordt doorgepraat en leuke teamactiviteiten!Blij geworden van deze vacature? Solliciteer dan snel met jouw CV en motivatie!
Naast de kans om als Storemanager samen met ons, Shoeby en de winkel op de kaart van Middelburg/Zeeland te zetten en dit helemaal eigen te maken, bieden wij jou o.a. het volgende:Een salaris op basis van jouw werkervaring, 24 vakantiedagen o.b.v. 38 uur en reiskostenvergoeding;Winkel bonus;Trainingen via onze Shoeby Academy en online platform Goodhabitz;Korting bij een sportschool naar keuze;35 % personeelskorting;Shoeby feesten waar iedereen vaak nog maanden over wordt doorgepraat en leuke teamactiviteiten!Blij geworden van deze vacature? Solliciteer dan snel met jouw CV en motivatie!
Naast de kans om als Storemanager samen met ons, Shoeby en de winkel op de kaart van Middelburg/Zeeland te zetten en dit helemaal eigen te maken, bieden wij jou o.a. het volgende:Een salaris op basis van jouw werkervaring, 24 vakantiedagen o.b.v. 38 uur en reiskostenvergoeding;Winkel bonus;Trainingen via onze Shoeby Academy en online platform Goodhabitz;Korting bij een sportschool naar keuze;35 % personeelskorting;Shoeby feesten waar iedereen vaak nog maanden over wordt doorgepraat en leuke teamactiviteiten!Blij geworden van deze vacature? Solliciteer dan snel met jouw CV en motivatie!
Naast de kans om als Storemanager samen met ons, Shoeby en de winkel op de kaart van Middelburg/Zeeland te zetten en dit helemaal eigen te maken, bieden wij jou o.a. het volgende:Een salaris op basis van jouw werkervaring, 24 vakantiedagen o.b.v. 38 uur en reiskostenvergoeding;Winkel bonus;Trainingen via onze Shoeby Academy en online platform Goodhabi",,,,,,,,,,,
z;Korting bij een sportschool naar keuze;35 % personeelskorting;Shoeby feesten waar iedereen vaak nog maanden over wordt doorgepraat en leuke teamactiviteiten!Blij geworden van deze vacature? Solliciteer dan snel met jouw CV en motivatie!,,,,,,,,,,,,,,,,,,,,
",Privébedrijf,3.0,https://www.glassdoor.nl/https://www.glassdoor.nl/partner/jobListing.htm?pos=108&ao=1044074&s=58&guid=000001782c9226f7b616c526e329e418&src=GD_JOB_VIEW&t=SR&vt=w&cs=1_cba9d3e2&cb=1615655479706&jobListingId=4019890095,https://www.glassdoor.nl/partner/jobListing.htm?pos=108&ao=1044074&s=58&guid=000001782c9226f7b616c526e329e418&src=GD_JOB_AD&t=SR&vt=w&cs=1_4a31787d&cb=1615655479706&jobListingId=4019890095,10d,10d,2021-03-13,en,Female
10,manager of healthcare institution,Glassdoor,4021927952,Relatiemanager Zorg,Amerpoort,Soest,-1,-1,Hoe ziet jouw nieuwe werkplek eruitJe komt te werken op woning B. Deze woning is samen met nog 3 andere woningen en Dagbesteding gelegen op het groene parkachtige terrein Vosseveld in Soest. Achter de Dagbesteding is een belevingstuin en een mooi pad door het bos. Vosseveld is een nieuwe locatie met de nieuwste voorzieningen.Als begeleider biedt je goede zorg aan een zeer diverse groep van 8 jongvolwassenen met een ernstige meervoudige beperking. Deze bewoners hebben intensieve verzorging", verpleging en begeleiding nodig.Het team bestaat uit twee Coördinerend Begeleiders, Begeleiders en Assistent Begeleiders.Daarbij is er veelvuldig contact met betrokken ouders, die vrij zijn om in en uit te lopen op de woning of hun kind op te halen voor een wandeling of bezoek.'De grote diversiteit van onze cliënten maakt elke dag weer tot een verrassende uitdaging!'Carla de Vet, Coördinerend Begeleider, VosseveldWat mag je doenJe biedt als Begeleider goede zorg en ondersteuning aan 8 jongvolwassen cliënten met ernstige verstandelijke en meervoudige beperkingen. Deze cliënten hebben intensieve verzorging, verpleging en begeleiding nodig.Je werkt samen met onder andere verwanten/het sociale netwerk van de cliënt, gedragsdeskundige, medische dienst, vrijwilligers, collega's van dagbesteding en clustermanager. Samen zorg je voor een goed leven voor de cliënten.Je verricht verpleegtechnische handelingen.Je signaleert en observeert, waarbij je bijzondere situaties bespreekt met de Coördinerend Begeleider.Voor organisatorische taken draai jij je hand niet om. Binnen het team heb jij een aantal aandachtsgebieden/taakhouderschappen (denk aan veiligheid, roosteren of financiën).Je werkt cliënt volgend samen met de dagbesteding dat kan betekenen dat je met deze collega's op de woning samenwerkt, of dat mee gaat naar de dagbesteding.Je staat proactief in je werk en bent flexibelJe kan de fysieke belasting van het verzorgen van deze ernstig meervoudig beperkte doelgroep goed aan.Hoe waarderen wij jouWerken in een taakvolwassen (zelf organiserend) team.Ruime opleidings- en ontwikkelingsmogelijkheden.Een jaarcontract van 20-28 uur per week, met uitzicht op een vast contract bij goed functioneren en ongewijzigde omstandigheden.Een salaris van min. €1.861,- en max. €2.766,- (FWG 35) bij een fulltime dienstverband conform de CAO Gehandicaptenzorg.Gunstige secundaire arbeidsvoorwaarden, zoals collectieve zorgverzekering en een eindejaarsuitkering van 8,33%.Amerpoort stimuleert dat medewerkers Sterk in hun Werk staan, o.a. door het aanbieden van een Meerkeuzesysteem Arbeidsvoorwaarden (MKA) en een gratis cultuurlidmaatschap van CultuurWerkt!Wat breng jij meeEen relevante afgeronde mbo-opleiding (minimaal niveau 3) op het gebied van MMZ en/of Verpleging;Minimaal 1 jaar werkervaring in het begeleiden van cliënten met een verstandelijke beperking;Je hebt affiniteit met werken met mensen met EMVB en/of gedrag en weet aansluiting te vinden bij deze doelgroep;Je hebt ervaring/scholing op het gebied van medicatie, epilepsie en sondevoeding;Je bent flexibel inzetbaar en helpt hulpvragen binnen het cluster op te lossen.Nog vragen of direct solliciteren?Voor vragen over deze vacature kunt je contact opnemen met Carla de Vet (Coördinerend Begeleider) op tel. 035 - 603 42 81 of Elena Meinderts (Coördinerend begeleider) op 06 83 20 57 32De eerste gesprekken kunnen gedurende de looptijd van deze vacature plaatsvinden.
Hoe ziet jouw nieuwe werkplek eruitJe komt te werken op woning B. Deze woning is samen met nog 3 andere woningen en Dagbesteding gelegen op het groene parkachtige terrein Vosseveld in Soest. Achter de Dagbesteding is een belevingstuin en een mooi pad door het bos. Vosseveld is een nieuwe locatie met de nieuwste voorzieningen.Als begeleider biedt je goede zorg aan een zeer diverse groep van 8 jongvolwassenen met een ernstige meervoudige beperking. Deze bewoners hebben intensieve verzorging, verpleging en begeleiding nodig.Het team bestaat uit twee Coördinerend Begeleiders, Begeleiders en Assistent Begeleiders.Daarbij is er veelvuldig contact met betrokken ouders, die vrij zijn om in en uit te lopen op de woning of hun kind op te halen voor een wandeling of bezoek.'De grote diversiteit van onze cliënten maakt elke dag weer tot een verrassende uitdaging!'Carla de Vet, Coördinerend Begeleider, VosseveldWat mag je doenJe biedt als Begeleider goede zorg en ondersteuning aan 8 jongvolwassen cliënten met ernstige verstandelijke en meervoudige beperkingen. Deze cliënten hebben intensieve verzorging, verpleging en begeleiding nodig.Je werkt samen met onder andere verwanten/het sociale netwerk van de cliënt, gedragsdeskundige, medische dienst, vrijwilligers, collega's van dagbesteding en clustermanager. Samen zorg je voor een goed leven voor de cliënten.Je verricht verpleegtechnische handelingen.Je signaleert en observeert, waarbij je bijzondere situaties bespreekt met de Coördinerend Begeleider.Voor organisatorische taken draai jij je hand niet om. Binnen het team heb jij een aantal aandachtsgebieden/taakhouderschappen (denk aan veiligheid, roosteren of financiën).Je werkt cliënt volgend samen met de dagbesteding dat kan betekenen dat je met deze collega's op de woning samenwerkt, of dat mee gaat naar de dagbesteding.Je staat proactief in je werk en bent flexibelJe kan de fysieke belasting van het verzorgen van deze ernstig meervoudig beperkte doelgroep goed aan.Hoe waarderen wij jouWerken in een taakvolwassen (zelf organiserend) team.Ruime opleidings- en ontwikkelingsmogelijkheden.Een jaarcontract van 20-28 uur per week, met uitzicht op een vast contract bij goed functioneren en ongewijzigde omstandigheden.Een salaris van min. €1.861,- en max. €2.766,- (FWG 35) bij een fulltime dienstverband conform de CAO Gehandicaptenzorg.Gunstige secundaire arbeidsvoorwaarden, zoals collectieve zorgverzekering en een eindejaarsuitkering van 8,33%.Amerpoort stimuleert dat medewerkers Sterk in hun Werk staan, o.a. door het aanbieden van een Meerkeuzesysteem Arbeidsvoorwaarden (MKA) en een gratis cultuurlidmaatschap van CultuurWerkt!Wat breng jij meeEen relevante afgeronde mbo-opleiding (minimaal niveau 3) op het gebied van MMZ en/of Verpleging;Minimaal 1 jaar werkervaring in het begeleiden van cliënten met een verstandelijke beperking;Je hebt affiniteit met werken met mensen met EMVB en/of gedrag en weet aansluiting te vinden bij deze doelgroep;Je hebt ervaring/scholing op het gebied van medicatie, epilepsie en sondevoeding;Je bent flexibel inzetbaar en helpt hulpvragen binnen het cluster op te lossen.Nog vragen of direct solliciteren?Voor vragen over deze vacature kunt je contact opnemen met Carla de Vet (Coördinerend Begeleider) op tel. 035 - 603 42 81 of Elena Meinderts (Coördinerend begeleider) op 06 83 20 57 32De eerste gesprekken kunnen gedurende de looptijd van deze vacature plaatsvinden.
'De grote diversiteit van onze cliënten maakt elke dag weer tot een verrassende uitdaging!'Carla de Vet, Coördinerend Begeleider, Vosseveld,,,,,,,,,,,,,,,,,,
'De grote diversiteit van onze cliënten maakt elke dag weer tot een verrassende uitdaging!'Carla de Vet, Coördinerend Begeleider, Vosseveld,,,,,,,,,,,,,,,,,,
'De grote diversiteit van onze cliënten maakt elke dag weer tot een verrassende uitdaging!'Carla de Vet, Coördinerend Begeleider, Vosseveld,,,,,,,,,,,,,,,,,,
Carla de Vet, Coördinerend Begeleider, Vosseveld,,,,,,,,,,,,,,,,,,
Wat mag je doenJe biedt als Begeleider goede zorg en ondersteuning aan 8 jongvolwassen cliënten met ernstige verstandelijke en meervoudige beperkingen. Deze cliënten hebben intensieve verzorging, verpleging en begeleiding nodig.Je werkt samen met onder andere verwanten/het sociale netwerk van de cliënt, gedragsdeskundige, medische dienst, vrijwilligers, collega's van dagbesteding en clustermanager. Samen zorg je voor een goed leven voor de cliënten.Je verricht verpleegtechnische handelingen.Je signaleert en observeert, waarbij je bijzondere situaties bespreekt met de Coördinerend Begeleider.Voor organisatorische taken draai jij je hand niet om. Binnen het team heb jij een aantal aandachtsgebieden/taakhouderschappen (denk aan veiligheid, roosteren of financiën).Je werkt cliënt volgend samen met de dagbesteding dat kan betekenen dat je met deze collega's op de woning samenwerkt, of dat mee gaat naar de dagbesteding.Je staat proactief in je werk en bent flexibelJe kan de fysieke belasting van het verzorgen van deze ernstig meervoudig beperkte doelgroep goed aan.Hoe waarderen wij jouWerken in een taakvolwassen (zelf organiserend) team.Ruime opleidings- en ontwikkelingsmogelijkheden.Een jaarcontract van 20-28 uur per week, met uitzicht op een vast contract bij goed functioneren en ongewijzigde omstandigheden.Een salaris van min. €1.861,- en max. €2.766,- (FWG 35) bij een fulltime dienstverband conform de CAO Gehandicaptenzorg.Gunstige secundaire arbeidsvoorwaarden, zoals collectieve zorgverzekering en een eindejaarsuitkering van 8,33%.Amerpoort stimuleert dat medewerkers Sterk in hun Werk staan, o.a. door het aanbieden van een Meerkeuzesysteem Arbeidsvoorwaarden (MKA) en een gratis cultuurlidmaatschap van CultuurWerkt!Wat breng jij meeEen relevante afgeronde mbo-opleiding (minimaal niveau 3) op het gebied van MMZ en/of Verpleging;Minimaal 1 jaar werkervaring in het begeleiden van cliënten met een verstandelijke beperking;Je hebt affiniteit met werken met mensen met EMVB en/of gedrag en weet aansluiting te vinden bij deze doelgroep;Je hebt ervaring/scholing op het gebied van medicatie, epilepsie en sondevoeding;Je bent flexibel inzetbaar en helpt hulpvragen binnen het cluster op te lossen.,,,,,
Je biedt als Begeleider goede zorg en ondersteuning aan 8 jongvolwassen cliënten met ernstige verstandelijke en meervoudige beperkingen. Deze cliënten hebben intensieve verzorging, verpleging en begeleiding nodig.Je werkt samen met onder andere verwanten/het sociale netwerk van de cliënt, gedragsdeskundige, medische dienst, vrijwilligers, collega's van dagbesteding en clustermanager. Samen zorg je voor een goed leven voor de cliënten.Je verricht verpleegtechnische handelingen.Je signaleert en observeert, waarbij je bijzondere situaties bespreekt met de Coördinerend Begeleider.Voor organisatorische taken draai jij je hand niet om. Binnen het team heb jij een aantal aandachtsgebieden/taakhouderschappen (denk aan veiligheid, roosteren of financiën).Je werkt cliënt volgend samen met de dagbesteding dat kan betekenen dat je met deze collega's op de woning samenwerkt, of dat mee gaat naar de dagbesteding.Je staat proactief in je werk en bent flexibelJe kan de fysieke belasting van het verzorgen van deze ernstig meervoudig beperkte doelgroep goed aan.,,,,,,,,,,,,
Werken in een taakvolwassen (zelf organiserend) team.Ruime opleidings- en ontwikkelingsmogelijkheden.Een jaarcontract van 20-28 uur per week, met uitzicht op een vast contract bij goed functioneren en ongewijzigde omstandigheden.Een salaris van min. €1.861,- en max. €2.766,- (FWG 35) bij een fulltime dienstverband conform de CAO Gehandicaptenzorg.Gunstige secundaire arbeidsvoorwaarden, zoals collectieve zorgverzekering en een eindejaarsuitkering van 8,33%.Amerpoort stimuleert dat medewerkers Sterk in hun Werk staan, o.a. door het aanbieden van een Meerkeuzesysteem Arbeidsvoorwaarden (MKA) en een gratis cultuurlidmaatschap van CultuurWerkt!,,,,,,,,,,,,,,
Een relevante afgeronde mbo-opleiding (minimaal niveau 3) op het gebied van MMZ en/of Verpleging;Minimaal 1 jaar werkervaring in het begeleiden van cliënten met een verstandelijke beperking;Je hebt affiniteit met werken met mensen met EMVB en/of gedrag en weet aansluiting te vinden bij deze doelgroep;Je hebt ervaring/scholing op het gebied van medicatie, epilepsie en sondevoeding;Je bent flexibel inzetbaar en helpt hulpvragen binnen het cluster op te lossen.,,,,,,,,,,,,,,,,,,,
"Nog vragen of direct solliciteren?Voor vragen over deze vacature kunt je contact opnemen met Carla de Vet (Coördinerend Begeleider) op tel. 035 - 603 42 81 of Elena Meinderts (Coördinerend begeleider) op 06 83 20 57 32De eerste gesprekken kunnen gedurende de looptijd van deze vacature plaatsvinden.""",Privébedrijf,4.4,https://www.glassdoor.nl/https://www.glassdoor.nl/partner/jobListing.htm?pos=109&ao=1044074&s=58&guid=000001782c9226f7b616c526e329e418&src=GD_JOB_VIEW&t=SR&vt=w&cs=1_03e3950a&cb=1615655479707&jobListingId=4021927952,https://www.glassdoor.nl/partner/jobListing.htm?pos=109&ao=1044074&s=58&guid=000001782c9226f7b616c526e329e418&src=GD_JOB_AD&t=SR&vt=w&cs=1_d2009837&cb=1615655479707&jobListingId=4021927952,9d,9d,13/03/2021,en,Female,,,,,,,,,,,
